code,year_,freq,ITEM5601,ITEM6008,ITEM8001,ITEM9304
4752,2016,A,CASC,US14740B6065,130891740.93,1.30781
18966,2016,A,CBI,US1672501095,3013131996,2.24855
28823,2016,A,AAON,US0003602069,1740130356.4,8.45141
28824,2016,A,AIR,US0003611052,1140705877.5,1.30052
28845,2016,A,ABM,US0009571003,2270676310.5,2.33129
28854,2016,A,AEPI,US0010311035,593712296.1,5.24055
28858,2016,A,AFL,US0010551028,28244376000,1.80164
28865,2016,A,AGCO,US0010841023,4597867639,1.65623
28866,2016,A,GAS,US0012041069,,
28870,2016,A,AES,US00130H1059,7659697535.8,2.74148
28874,2016,A,AKS,US0015471081,3207579287,-11.78385
28887,2016,A,AMN,US0017441017,1830681400,4.07377
28901,2016,A,ARIS,US0019302050,93651227.83,3.1578
28938,2016,A,AVX,US0024441075,2617899960,1.19634
28942,2016,A,AXTI,US00246W1036,158553600,1.22614
28943,2016,A,AZZ,US0024741045,1653348600,3.19362
28957,2016,A,ABAX,US0025671050,1182470160,4.58895
28958,2016,A,ABT,US0028241000,56572906164,2.75455
28960,2016,A,ANF,US0028962076,813096000,0.65391
28961,2016,A,ANF,US0028962076,,
28967,2016,A,ABMD,US0036541003,4799742971,11.7458
28983,2016,A,AKR,US0042391096,2731974175.9,1.71976
29015,2016,A,ACETQ,US0044461004,650202150,1.66975
29028,2016,A,ACU,US0048161048,85019099.35,1.84342
29054,2016,A,AYI,US00508Y1029,10096946058,5.8477
29061,2016,A,AE,US0063513081,167227681.4,1.10518
29067,2016,A,AEY,US0067433062,17937595.95,0.42856
29087,2016,A,ADBE,US00724F1012,50883449300,6.85314
29138,2016,A,AEHR,US00760J1088,31850560,10.95604
29145,2016,A,ABCO,US00762W1071,1336416585,2.58472
29156,2016,A,AMD,US0079031078,10602900000,25.48773
29163,2016,A,AERT,US0079471043,7170492.96,-0.27279
29167,2016,A,AEIS,US0079731008,2174232000,5.54546
29176,2016,A,AET,US00817Y1082,43614317000,2.4826
29182,2016,A,AMG,US0082521081,8500050000,2.34834
29184,2016,A,AFFX,US00826T1088,,
29196,2016,A,A,US00846U1016,14761440000,3.47901
29201,2016,A,ADC,US0084921008,1204897190.9,1.76418
29209,2016,A,AIRM,US0091283079,1159070007.6,2.02443
29210,2016,A,APD,US0091581068,31259395652,4.36973
29211,2016,A,AIRT,US0092071010,54568109.137,1.85289
29216,2016,A,ARG,US0093631028,,
29227,2016,A,AKAM,US00971T1016,11552629864,3.58291
29229,2016,A,AKRXQ,US0097281069,2715438437.1,3.31481
29239,2016,A,ALG,US0113111076,869053172.4,2.24146
29245,2016,A,ALK,US0116591092,10942897965,3.7335
29247,2016,A,ALSK,US01167P1012,84422280,0.53489
29251,2016,A,AIN,US0123481089,1486684666,2.9293
29252,2016,A,AIN,US0123481089,1336950558.6,2.9293
29254,2016,A,AMRI,US0124231095,804653920,2.69131
29255,2016,A,ALB,US0126531013,9686065920,2.55228
29274,2016,A,ALX,US0147521092,2179681886.5,6.17745
29275,2016,A,ARE,US0152711091,9742309244.4,2.08219
29276,2016,A,ALXN,US0153511094,27406400000,3.15233
29287,2016,A,ALGN,US0162551016,7647429890,7.68286
29304,2016,A,ATI,US01741R1023,1735179296.2,1.28041
29322,2016,A,BFH,US0185811082,13115900000,7.90972
29331,2016,A,LNT,US0188021085,8626554750.1,2.2337
29365,2016,A,MDRX,US01988P1084,1843007100,1.49538
29367,2016,A,ALL,US0200021014,27127920000,1.53135
29372,2016,A,AFAM,US0204091088,458066700,1.51282
29400,2016,A,ATGN,US0214891097,3647789.28,3.53123
29423,2016,A,AMZN,US0231351067,357687990000,18.54747
29438,2016,A,AMED,US0234361089,1432249275.5,3.11221
29442,2016,A,UHAL,US0235861004,7246842366.9,2.72366
29445,2016,A,AEE,US0236081024,12726796000,1.79175
29463,2016,A,AXL,US0240611030,1476450000,2.78576
29503,2016,A,AEO,US02553E1064,2759210620,2.29062
29507,2016,A,AEP,US0255371017,30958182987,1.77951
29511,2016,A,AXP,US0258161092,66968320000,3.26659
29514,2016,A,AFG,US0259321042,7659778039.9,1.69765
29608,2016,A,AMRB,US0293261055,100658679.86,1.20046
29613,2016,A,ASEI,US0294291077,,
29614,2016,A,AMS,US0295951059,18317800,0.85219
29619,2016,A,AMSWA,US0296831094,298241572.33,3.22229
29620,2016,A,AMSWA,US0296831094,272549973.95,3.22229
29624,2016,A,AWR,US0298991011,1666191161.6,3.37083
29639,2016,A,AVD,US0303711081,562417518.15,1.99305
29645,2016,A,AMWD,US0305061097,1222364085.3,3.8825
29650,2016,A,ACF,US03060R1014,,
29677,2016,A,ABC,US03073E1055,17205748751,8.01587
29688,2016,A,APU,US0309751065,4452889807.2,4.63614
29690,2016,A,AME,US0311001004,11147814880,3.42324
29694,2016,A,AMGN,US0311621009,107932222000,3.61279
29697,2016,A,AMKR,US0316521006,2517915750,1.81984
29711,2016,A,AP,US0320371034,205539250,1.38955
29713,2016,A,APH,US0320951017,20717760000,5.63764
29726,2016,A,ASYS,US0323325045,56012258.75,0.84256
29737,2016,A,APC,US0325111070,38435176000,3.14733
29738,2016,A,ANAD,US0325151084,,
29741,2016,A,ADI,US0326541051,22379346067,4.33237
29742,2016,A,ALOG,US0326572072,1028311656.8,1.93598
29766,2016,A,ANDE,US0341641035,1261836300,1.62952
29789,2016,A,ANIK,US0352551081,716137920,3.21465
29791,2016,A,AXE,US0352901054,2710140336.1,2.09731
29799,2016,A,ANSS,US03662Q1058,7925267859.2,3.58868
29800,2016,A,ATRS,US0366421065,361540687.41,7.99533
29809,2016,A,ANH,US0373471012,494862060,0.86871
29821,2016,A,APOG,US0375981091,1536312254.9,3.39315
29824,2016,A,APOL,US0376041051,1085287500,1.02302
29826,2016,A,APOL,US0376041051,1080585000,1.02302
29833,2016,A,AAPL,US0378331005,618034746120,4.59765
29856,2016,A,AIT,US03820C1053,2319985800,3.40059
29860,2016,A,AMAT,US0382221051,34787060000,4.82015
29874,2016,A,ATR,US0383361039,4561245000,3.88538
29902,2016,A,ADM,US0394831020,26157450000,1.52317
29907,2016,A,ACAT,US0396701049,195834499.98,1.76817
29908,2016,A,ACAT,US0396701049,,
29929,2016,A,ARIA,US04033A1007,,
29947,2016,A,ARKR,US0407121013,83007750,2.04377
29966,2016,A,ARQL,US04269E1073,89644223.34,3.7856
29968,2016,A,ARRY,US04269X1054,1263036014.2,28.52692
29971,2016,A,ARW,US0427351004,6339496900,1.43641
29990,2016,A,ARTW,US0431681032,13970776.8,0.79941
30029,2016,A,ASB,US0454871056,3757384920.9,1.28178
30050,2016,A,ASFI,US0462201098,116386995.2,0.65539
30051,2016,A,ASTE,US0462241011,1554683160,2.39983
30052,2016,A,AF,US0462651045,1887575414.7,1.19144
30057,2016,A,ALOT,US04638F1084,106302577.5,1.50705
30059,2016,A,ATRO,US0464331083,984666810.96,2.91797
30061,2016,A,ATRO,US0464331083,725268422.88,2.91797
30102,2016,A,ATML,US0495131049,,
30103,2016,A,ATO,US0495601058,7706451024,2.10704
30111,2016,A,ATW,US0500951084,850810870,0.26282
30146,2016,A,ADSK,US0527691069,16304403000,22.22523
30151,2016,A,ALV,US0528001094,9979830000,2.71398
30156,2016,A,ADP,US0530151036,46836846000,12.09351
30160,2016,A,AN,US05329W1027,4896729967.9,2.11952
30164,2016,A,AZO,US0533321024,22997105220,-12.30643
30174,2016,A,AVB,US0534841012,24328169644,2.39182
30190,2016,A,AVY,US0536111091,6201048149.2,6.70022
30197,2016,A,AVID,US05367P1003,179198800,-0.66392
30201,2016,A,AVA,US05379B1070,2566875480.7,1.55688
30207,2016,A,AVT,US0538071038,6063140736.7,1.29289
30210,2016,A,AVP,US0543031027,2205504000,-2.60083
30272,2016,A,BOKF,US05561Q2012,5425620353.3,1.65675
30284,2016,A,BRT,US0556453035,108370080,0.71631
30313,2016,A,BMI,US0565251081,1075929757.4,4.19942
30314,2016,A,,US0565251081,,
30327,2016,A,BCPC,US0576652004,2665119695.1,5.11507
30336,2016,A,BALL,US0584981064,13127125009,3.82158
30385,2016,A,BAC,US0605051046,222163025848,0.91947
30443,2016,A,BCR,US0673831097,16377545730,9.77705
30447,2016,A,BKS,US0677741094,817150050,1.36027
30448,2016,A,B,US0678061096,2551312463.5,2.18367
30462,2016,A,BBSI,US0684631080,464340400,6.66265
30485,2016,A,BAX,US0718131099,23926080379,2.88614
30509,2016,A,BEAV,US0733021010,6109285000,28.21847
30525,2016,A,BBGI,US0740141017,177349302.75,0.87584
30531,2016,A,BDX,US0758871091,35310362464,4.64634
30532,2016,A,BBBY,US0758961009,6367881600,2.33608
30537,2016,A,BELFA,US0773472016,55047022.72,1.92126
30559,2016,A,BMS,US0814371052,4432914000,3.51902
30565,2016,A,BHE,US08160H1014,1504565000,1.10187
30593,2016,A,WRB,US0844231029,8060586269.5,1.7447
30600,2016,A,BHLB,US0846801076,1314543306.5,1.20237
30613,2016,A,BBY,US0865161014,13274978360,2.81907
30647,2016,A,BIG,US0893021032,2222244390,3.41553
30667,2016,A,BIO,US0905722072,5391275873.8,2.08418
30672,2016,A,BCRX,US09058V1035,467040060,295.93268
30682,2016,A,BMRN,US09061G1013,14302126190,5.17017
30686,2016,A,BMET,US0906131000,,
30718,2016,A,BSTC,US0909311062,398604851.7,7.08229
30724,2016,A,BDMS,US0912832005,29764176,69.17423
30730,2016,A,BBOX,US0918261076,229024500,1.62025
30732,2016,A,BKH,US0921131092,3274464700.1,2.02799
30735,2016,A,BLK,US09247X1019,61470316939,2.11253
30736,2016,A,BLK,US09247X1019,,
30747,2016,A,HRB,US0936711052,5069691738.4,-8.72194
30752,2016,A,BDRL,US0936981085,3816997.7,0.58418
30755,2016,A,BLT,US0951801051,,
30775,2016,A,BOBE,US0967611015,1051269970,4.93461
30781,2016,A,BA,US0970231058,96078159687,117.59907
30791,2016,A,BONTQ,US09776J1016,31732019.76,-1.39292
30792,2016,A,BONTQ,US09776J1016,27393329.46,-1.39292
30802,2016,A,BAMM,US0985701046,,
30811,2016,A,BWA,US0997241064,8371651339.6,2.60127
30812,2016,A,,US0997241064,,
30821,2016,A,SAM,US1005571070,2100757623.4,4.70408
30822,2016,A,SAM,US1005571070,1557686876.6,4.70408
30831,2016,A,BPFH,US1011191053,1385760777,1.93389
30832,2016,A,BXP,US1011211018,19343728212,3.46271
30834,2016,A,BSX,US1011371077,29462321352,4.37581
30837,2016,A,EPAY,US1013881065,945005400,3.52712
30856,2016,A,BYD,US1033041013,2277119924.1,2.43783
30865,2016,A,BRC,US1046741062,1894758055.1,3.11094
30866,2016,A,BRC,US1046741062,1761882573.7,3.11094
30871,2016,A,BDN,US1053682035,2891573947.6,1.54936
30898,2016,A,BGGSQ,US1090431099,961164540,2.00982
30905,2016,A,EAT,US1096411004,2744985091.7,-4.63715
30910,2016,A,BMY,US1101221083,97244160000,6.01126
30923,2016,A,BRCM,US1113201073,,
30924,2016,A,BRCM,US1113201073,,
30946,2016,A,BRO,US1152361010,6285065440,2.66305
30948,2016,A,BF.B,US1156372096,17765141280,13.52837
30949,2016,A,BF.B,US1156372096,10128741280,13.52837
30960,2016,A,BC,US1170431092,4871349180,3.38265
30964,2016,A,BMTC,US1176651099,714008987.25,1.87341
30967,2016,A,BPL,US1182301010,9279852147.9,2.10345
30971,2016,A,BKE,US1184401065,1108599384,2.57491
31029,2016,A,BUKS,US1237201041,14533913.917,0.64447
31038,2016,A,CASM,US1247692098,44021830.72,-2.35394
31072,2016,A,CDI,US1250711009,138180200,0.73121
31078,2016,A,CEC,US1251371092,,
31104,2016,A,CNL,US12561W1053,,
31121,2016,A,CMS,US1258961002,11620304000,2.73226
31123,2016,A,CMS,US1258961002,,
31126,2016,A,CSS,US1259061075,244503413.55,0.81872
31129,2016,A,CVU,US1259193084,80843483,1.19581
31139,2016,A,CNA,US1261171003,11225583917,0.99368
31171,2016,A,CSGS,US1263491094,1561432400,6.21194
31174,2016,A,CSPI,US1263891053,40426180,2.26376
31176,2016,A,CSX,US1264081035,33349516682,2.85551
31186,2016,A,CTS,US1265011056,733879865.6,2.30865
31191,2016,A,CVBF,US1266001056,2482217924.3,2.50511
31192,2016,A,CVV,US1266011030,55088401.2,1.60545
31193,2016,A,CVS,US1266501006,83723510000,2.27324
31199,2016,A,CVC,US12686C1099,,
31201,2016,A,CVC,US12686C1099,,
31207,2016,A,CBT,US1270551013,3144129333.9,2.64978
31210,2016,A,CTRA,US1270971039,10865904280,4.23181
31211,2016,A,CACH,US1271503088,,
31212,2016,A,CACI,US1271903049,3023348900,1.78795
31220,2016,A,CDNS,US1273871087,7013656780,9.45529
31239,2016,A,CCC,US1296031065,862750408,2.26359
31256,2016,A,CWT,US1307881029,1626013500,2.46563
31262,2016,A,MODG,US1311931042,1031516379.7,1.72227
31278,2016,A,CBM,US1320111073,1744941859.7,4.30396
31290,2016,A,CAC,US1330341082,687925046.55,1.75694
31291,2016,A,CPT,US1331311027,8223559260,2.72766
31299,2016,A,CPB,US1344291091,18624760000,11.72106
31316,2016,A,CMD,US1380981084,3284521852.5,7.13528
31339,2016,A,COF,US14040H1059,41894266040,0.9734
31345,2016,A,CSWC,US1405011073,253974996.9,0.91362
31360,2016,A,CMO,US14067E5069,978127944.79,0.93885
31369,2016,A,CRRTQ,US1407811058,281175950.36,0.45603
31380,2016,A,CAH,US14149Y1082,23174340000,3.59679
31405,2016,A,CSL,US1423391002,7111769079.6,2.88288
31411,2016,A,CKEC,US1434364006,,
31422,2016,A,CSV,US1439051079,476613676.96,2.67777
31426,2016,A,CRS,US1442851036,1685526521.3,1.49497
31434,2016,A,CRZO,US1445771033,2432698837.7,103.70391
31458,2016,A,CWST,US1474481041,515759600,-21.02926
31459,2016,A,CWST,US1474481041,502605000,-21.02926
31461,2016,A,CASY,US1475281036,4642926161.6,3.83369
31462,2016,A,CSH,US14754D1000,,
31488,2016,A,CAT,US1491231015,54390713866,4.14027
31490,2016,A,CATY,US1491501045,3027578834.3,1.65574
31509,2016,A,FUN,US1501851067,3608104200,59.61944
31512,2016,A,CGIP,US1508381001,201737250,0.54814
31528,2016,A,CELG,US1510201049,90122950000,13.65645
31581,2016,A,CEDCQ,US1534351028,,
31584,2016,A,CENT,US1535271068,1689883335.5,3.02995
31585,2016,A,CENT,US1535271068,397029438.48,3.02995
31605,2016,A,CENX,US1564311082,746867678.32,0.98707
31615,2016,A,CNTY,US1564921005,201236519.86,1.52226
31627,2016,A,CPHD,US15670R1077,,
31639,2016,A,CERN,US1567821046,15615117855,3.97539
31647,2016,A,CERS,US1570851014,450116250,7.78928
31677,2016,A,CTHR,US1597651066,23506873.5,0.67416
31679,2016,A,CRL,US1598641074,3608586970,4.31253
31705,2016,A,CKP,US1628251035,,
31706,2016,A,CAKE,US1630721017,2855819594.6,4.73439
31723,2016,A,LNG,US16411R2085,9860340000,-7.06113
31735,2016,A,CPK,US1653031088,1091519258.1,2.44688
31741,2016,A,CVX,US1667641005,222630305869,1.52952
31751,2016,A,CHS,US1686151028,1852755670,3.04143
31758,2016,A,PLCE,US1689051076,1789035900,3.60484
31771,2016,A,CHH,US1699051066,3155612141.5,-10.13529
31789,2016,A,CBKCQ,US1710461054,88063560,1.2352
31798,2016,A,CB,US1712321017,,
31800,2016,A,CHD,US1713401024,11222622098,5.67401
31801,2016,A,CHDN,US1714841087,2482425000,3.62398
31814,2016,A,CINF,US1720621010,12453300000,2.33077
31829,2016,A,CIR,US17273K1097,1066975151.4,2.63835
31835,2016,A,CSCO,US17275R1023,151976380000,2.39449
31836,2016,A,CRUS,US1727551004,3541100200,3.28946
31841,2016,A,CTAS,US1729081059,12042909633,5.99047
31863,2016,A,CIA,US1747401008,491803550.96,1.97432
31867,2016,A,CTXS,US1773761002,13959063690,5.35091
31885,2016,A,CLC,US1798951075,4005359333.4,3.51093
31916,2016,A,CLH,US1844961078,3188632475.7,2.94089
31935,2016,A,CLX,US1890541097,15525218665,56.97711
31962,2016,A,COBZ,US1908971088,701867463.12,2.32168
31969,2016,A,KO,US1912161007,177780480000,7.70881
31984,2016,A,CGNX,US1924221039,5467439180,5.67987
31986,2016,A,CTSH,US1924461023,34066240000,3.17545
31988,2016,A,COHR,US1924791031,3341752740,3.63892
31994,2016,A,COHU,US1925761066,373103800,1.58451
32017,2016,A,CL,US1941621039,57790650539,-237.82527
32056,2016,A,COLB,US1972361026,2593316560,2.07665
32061,2016,A,COLM,US1985161066,4073595900,2.60991
32063,2016,A,CMCO,US1993331057,543770830.72,1.87287
32068,2016,A,FIX,US1999081045,1239059700,3.28983
32079,2016,A,CMA,US2003401070,11940613927,1.53163
32105,2016,A,CMC,US2017231034,2496763280.9,1.89233
32147,2016,A,CBU,US2036071064,2745787872.9,2.29176
32159,2016,A,CYH,US2036681086,636570082.2,0.39416
32232,2016,A,CTG,US2054771025,67107589.45,0.85141
32244,2016,A,CMTL,US2058262096,276515958,0.60426
32246,2016,A,CAG,US2058871029,17325469405,3.87088
32282,2016,A,CNMD,US2074101013,1229165984.4,2.11715
32325,2016,A,STZ,US21036P1084,30578713423,4.34782
32327,2016,A,STZ,US21036P1084,26998506540,4.34782
32334,2016,A,CPSS,US2105021008,120766085.12,0.64852
32340,2016,A,MCF,US21075N2045,235728524,0.99714
32372,2016,A,CVG,US2124851062,2325832000,1.76748
32382,2016,A,COO,US2166484020,8533960050,3.16088
32384,2016,A,CTB,US2168311072,2059041453,1.91358
32390,2016,A,CPRT,US2172041061,6101863344.6,7.85863
32428,2016,A,GLW,US2193501051,22474020000,1.44129
32436,2016,A,OFC,US22002T1088,3075127884.2,2.27694
32451,2016,A,CRVL,US2210061097,715984315.8,4.92385
32459,2016,A,COST,US22160K1051,70051967640,5.87515
32460,2016,A,CSGP,US22160N1090,6145904940,3.7153
32479,2016,A,CVLG,US22284P1057,352939972.82,1.49289
32480,2016,A,CVLG,US22284P1057,307490972.82,1.49289
32504,2016,A,CRD.B,US2246331076,703184160,4.5696
32506,2016,A,CRD.B,US2246331076,310106400,4.5696
32517,2016,A,CACC,US2253101016,4323529141.3,3.68368
32565,2016,A,CRWS,US2283091005,77109733.25,2.04329
32570,2016,A,CRWN,US2284111042,,
32583,2016,A,AORT,US2289031005,629537100,3.01238
32589,2016,A,CUB,US2296691064,1294266400,1.95107
32593,2016,A,CFR,US2298991090,5600330518.8,1.9595
32599,2016,A,CULP,US2302151053,455662916.35,3.36436
32605,2016,A,CMI,US2310211063,22987894000,3.34369
32615,2016,A,CW,US2315611010,4345648078,3.36561
32632,2016,A,CYBX,US23251P1021,,
32633,2016,A,CYBE,US2325171021,180139250.7,3.68398
32651,2016,A,CY,US2328061096,3701789520,1.95673
32692,2016,A,DHI,US23331A1097,10191990701,1.46152
32694,2016,A,DSPG,US23332B1061,286201598.85,1.96639
32698,2016,A,DST,US2333261079,3428800000,3.07461
32701,2016,A,DTE,US2333311072,17675903554,1.96159
32705,2016,A,DXPE,US2333774071,597436981.2,2.37449
32725,2016,A,DAKT,US2342641097,470574818.5,2.27807
32737,2016,A,DHR,US2358511028,53880848000,2.34236
32744,2016,A,DRI,US2371941053,9177264000,4.87174
32745,2016,A,DAR,US2372661015,2125148123.8,1.07712
32754,2016,A,DAIO,US2376901029,33505818.28,2.08994
32764,2016,A,DWCH,US2379172081,65580823,2.04876
32789,2016,A,DVA,US23918K1088,12490398322,2.68724
32812,2016,A,DECK,US2435371073,1773587800,1.82174
32818,2016,A,DE,US2441991054,32433676585,4.97449
32851,2016,A,DLA,US2473681037,157749640.71,1.04823
32857,2016,A,DEL,US2478501008,939329314.14,3.73947
32862,2016,A,DLX,US2480191012,3476379060,3.94608
32899,2016,A,DVN,US25179M1036,23885410000,4.02993
32944,2016,A,DBD,US2536511031,1889891242.2,3.19562
32951,2016,A,DGII,US2537981027,358055197.5,1.20145
32981,2016,A,DCOM,US2539221083,752862645.3,1.33046
32991,2016,A,DIOD,US2545431015,1208085903.9,1.55677
33007,2016,A,DIS,US2546871060,166752000000,3.85911
33024,2016,A,DXYN,US2555191004,58028587.2,0.66606
33025,2016,A,DXYN,US2555191004,54894016.8,0.66606
33060,2016,A,D,US25746U1097,48098520000,3.29329
33061,2016,A,DCI,US2576511099,5592124437.3,7.11427
33064,2016,A,DGICA,US2577012014,472966218.72,1.10606
33084,2016,A,DOV,US2600031080,11646246191,3.06501
33089,2016,A,DOW,US2605431038,69301049429,2.66676
33107,2016,A,DRQ,US2620371045,2245678860.9,1.65559
33126,2016,A,DCO,US2641471097,286113860.28,1.34894
33129,2016,A,DRE,US2644115055,9422319360,2.71864
33130,2016,A,DNB,US26483E1001,4464576000,-4.45566
33156,2016,A,DYAX,US26746E1038,,
33159,2016,A,DY,US2674751019,2522736689.9,4.11643
33191,2016,A,EDAP,US2683111072,94226580.48,3.65333
33206,2016,A,EMC,US2686481027,,
33208,2016,A,EMCI,US2686641091,636888275.35,1.26469
33216,2016,A,EOG,US26875P1012,58304381829,4.17009
33223,2016,A,EPIQ,US26882D1090,,
33232,2016,A,EGBN,US2689481065,2073753657.5,2.46056
33278,2016,A,EWBC,US27579R1041,7328031534.3,2.13785
33280,2016,A,EML,US2763171046,130752448.2,1.5855
33286,2016,A,EGP,US2772761019,2461250607.9,3.85981
33287,2016,A,EMN,US2774321002,11013611456,2.43019
33294,2016,A,EV,US2782651036,4773814927.2,6.66862
33295,2016,A,EV,US2782651036,4755264935,6.66862
33299,2016,A,EBAY,US2786421030,32273030000,3.06225
33319,2016,A,ECL,US2788651006,34204796000,4.95643
33321,2016,A,EEI,US2788781035,45255828.6,1.24209
33322,2016,A,EEI,US2788781035,31613138.3,1.24209
33341,2016,A,EIX,US2810201077,23455148720,1.95525
33345,2016,A,EDUC,US2814791057,40442869.5,2.79892
33352,2016,A,EW,US28176E1082,19826917884,7.57041
33376,2016,A,EGHT,US2829141009,1275748831.5,4.60665
33378,2016,A,EE,US2836778546,1877702596.5,1.74768
33407,2016,A,ESIO,US2852291002,187148960,1.23041
33412,2016,A,EA,US2855121099,23706760000,6.813
33425,2016,A,EFII,US2860821022,2043042660,2.46794
33435,2016,A,ELTP,US28659T2006,108139541.5,5.31654
33438,2016,A,RDEN,US28660G1067,,
33443,2016,A,PERY,US2888531041,386859100.43,1.23326
33466,2016,A,EME,US29084Q1004,4241848587.8,2.75966
33478,2016,A,EMR,US2910111044,35835904318,4.65989
33483,2016,A,EMIS,US2913451066,36412486.8,-0.22559
33485,2016,A,EMMS,US2915254005,35264136.848,-1.40298
33493,2016,A,EDE,US2916411083,,
33509,2016,A,EEP,US29250R1068,11111982689,3.21928
33520,2016,A,WIRE,US2925621052,898873000.8,1.56842
33526,2016,A,EGN,US29265N1081,5594744438.9,1.79279
33566,2016,A,ENTG,US29362U1043,2529627355.6,2.8132
33573,2016,A,ETR,US29364G1031,13160638855,1.62843
33590,2016,A,EVC,US29382R1077,631166186,3.44043
33591,2016,A,EVC,US29382R1077,461203792,3.44043
33625,2016,A,ENZ,US2941001024,321097275.86,3.62954
33632,2016,A,PLUS,US2942681071,848448000,2.44346
33642,2016,A,EFX,US2944291051,14175777000,5.32384
33661,2016,A,EQY,US2947521009,4445784090,2.41581
33663,2016,A,EQR,US29476L1070,23547452669,2.31043
33668,2016,A,ERIE,US29530P1021,5879995656.6,7.19785
33669,2016,A,ERIE,US29530P1021,5193960696.6,7.19785
33676,2016,A,ESE,US2963151046,1456860175.7,2.34769
33698,2016,A,ESS,US2971781057,15235258373,2.4604
33699,2016,A,ESL,US2974251009,2625006590,1.67998
33702,2016,A,ETD,US2976021046,1022444816.8,2.54268
33710,2016,A,EEFT,US2987361092,3788335334.4,4.21137
33718,2016,A,EVBN,US29911Q2084,135685002.7,1.40246
33743,2016,A,EXAS,US30063P1057,1472754656.7,4.39241
33744,2016,A,EXAC,US30064E1091,389023607.7,1.66078
33745,2016,A,EXAR,US3006451088,523318452.58,1.8758
33763,2016,A,EXC,US30161N1019,32792760000,1.26922
33764,2016,A,EXEL,US30161Q1040,4322763828.2,48.39809
33781,2016,A,EXPO,US30214U1025,1543499100,5.64669
33788,2016,A,EXTR,US30226D1063,527861604.95,6.33302
33791,2016,A,EZPW,US3023011063,576157704.75,0.96379
33792,2016,A,EZPW,US3023011063,544525383.6,0.96379
33794,2016,A,XOM,US30231G1022,374398480000,2.23755
33801,2016,A,FFG,US30239F1066,1945462583.3,1.89261
33804,2016,A,FEIC,US30241L1098,,
33813,2016,A,FLIR,US3024451011,4933927460,2.93979
33814,2016,A,FTI,US30249U1016,,
33815,2016,A,FMC,US3024913036,7561512395.4,3.86245
33821,2016,A,FNB,US3025201019,3383284538.4,1.37268
33848,2016,A,FCN,US3029411093,1895027960,1.56957
33855,2016,A,FDS,US3030751057,6543447111.8,13.06175
33858,2016,A,FICO,US3032501047,3688070700,8.80418
33863,2016,A,FCS,US3037261035,,
33890,2016,A,FARM,US3076751086,615883288.7,3.00377
33899,2016,A,FARO,US3116421021,600508476,1.76799
33907,2016,A,FAST,US3119001044,13584827190,7.02751
33918,2016,A,AGM,US3131483063,603543445.74,1.37586
33919,2016,A,AGM,US3131483063,515858436.87,1.37586
33921,2016,A,FMCC,US3134003017,2431175136.7,-0.02988
33923,2016,A,FNMA,US3135861090,4516522725,-0.03469
33927,2016,A,FSS,US3138551086,930356000,2.36071
33931,2016,A,FHI,US3142111034,2884522755.2,4.84936
33932,2016,A,FHI,US3142111034,2884268235.2,4.84936
33934,2016,A,FDX,US31428X1063,49440628943,3.41505
33936,2016,A,FCH,US31430F1012,1105299900,-7.80725
33943,2016,A,FOE,US3154051003,1195122000,4.83633
33945,2016,A,FFIV,US3156161024,9452386800,7.84617
33967,2016,A,FITB,US3167731005,20240426694,1.36079
33981,2016,A,FISI,US3175854047,497185817.4,1.64243
33998,2016,A,FINL,US3179231002,797111370,1.63606
33999,2016,A,FINL,US3179231002,804390840,1.63606
34082,2016,A,FCF,US3198291078,1262120351.9,1.68299
34083,2016,A,FCBC,US31983A1034,512205429.12,1.51068
34115,2016,A,FFBC,US3202091092,1763318254.4,2.03799
34132,2016,A,FR,US32054K1034,3284872275.3,2.64602
34154,2016,A,FRME,US3208171096,1540363042.1,1.70861
34157,2016,A,FMBI,US3208671046,2051829750,1.63222
34248,2016,A,FISV,US3377381088,22903340000,9.01352
34254,2016,A,FMER,US3379151026,,
34258,2016,A,FE,US3379321074,13699400431,2.19507
34281,2016,A,FLXS,US3393821034,474868188.83,2.19867
34299,2016,A,FLR,US3434121022,7313855527.2,2.34029
34301,2016,A,FLO,US3434981011,4162203336,3.43961
34302,2016,A,FLS,US34354P1057,6237514650,3.78436
34306,2016,A,FFIC,US3438731057,841521048.56,1.63767
34326,2016,A,FL,US3448491049,9321724572.7,3.43976
34331,2016,A,F,US3453708600,49090110000,1.6829
34332,2016,A,F,US3453708600,48228880000,1.6829
34338,2016,A,FCE.A,US3455501078,,
34349,2016,A,FORR,US3465631097,788604950,5.25611
34369,2016,A,FWRD,US3498531017,1425680072.3,2.85668
34374,2016,A,FSTR,US3500601097,140251700,1.05254
34407,2016,A,FC,US3534691098,276538600,3.05936
34409,2016,A,FELE,US3535141028,1804026400,2.94081
34413,2016,A,BEN,US3546131018,22574261274,1.8713
34422,2016,A,FREDQ,US3561081007,704167142.4,2.0883
34427,2016,A,FCX,US35671D8570,19059550000,3.14982
34436,2016,A,FEIM,US3580101067,94532400,1.02411
34476,2016,A,FLL,US3596781092,54875911.2,0.97162
34477,2016,A,FUL,US3596941068,2422328280.3,2.58278
34482,2016,A,FULT,US3602711000,3273080000,1.54309
34497,2016,A,GK,US3612681052,1896303450,4.69036
34498,2016,A,GKSR,US3612681052,,
34504,2016,A,GATX,US3614481030,2428893350.9,1.80292
34525,2016,A,GPX,US36225V1044,478780788.2,2.85846
34531,2016,A,GVP,US36227K1060,65921439.5,3.12113
34546,2016,A,GIII,US36237H1014,1437798400,1.4079
34567,2016,A,AJG,US3635761097,9264468000,2.5759
34579,2016,A,GPS,US3647601083,8953560000,3.08318
34592,2016,A,IT,US3666511072,8353561130,137.21896
34642,2016,A,BGC,US3693001089,940895692.5,6.14564
34656,2016,A,GD,US3695501086,52215583044,4.75725
34674,2016,A,GIS,US3703341046,36864336000,8.57268
34689,2016,A,GCO,US3715321028,1233666676.8,1.34095
34690,2016,A,GWR,US3715591059,4311804936.2,1.48961
34691,2016,A,GWR,US3715591059,4259182577.7,1.48961
34701,2016,A,GNTX,US3719011096,5665551690,2.9656
34703,2016,A,GEL,US3719271047,4249611432.4,1.99481
34728,2016,A,GPC,US3724601055,14179131718,4.43968
34759,2016,A,GERN,US3741631036,329458376.52,2.69209
34766,2016,A,GTY,US3742971092,876680475.86,2.03445
34784,2016,A,GILD,US3755581036,93809100000,4.96686
34791,2016,A,GBCI,US37637Q1058,2772515314.5,2.4824
34833,2016,A,GPN,US37940X1028,10563203607,4.01522
34879,2016,A,GV,US3813701055,129801905.4,2.69016
34880,2016,A,GS,US38141G1040,94015787474,1.24212
34893,2016,A,GT,US3825501014,7779240000,1.72604
34904,2016,A,GRA,US38388F1084,4620449912.8,12.52834
34905,2016,A,GGG,US3841091040,4639281851.4,8.08491
34908,2016,A,GHM,US3845561063,213658900,1.94245
34910,2016,A,GWW,US3848021040,13657301927,7.59611
34928,2016,A,GVA,US3873281071,2179162700,2.45958
34958,2016,A,GSBC,US3909051076,763372294.9,1.77609
34963,2016,A,GXP,US3911641005,5889850342.3,1.10591
34983,2016,A,GBX,US3936571013,1171917750,1.33832
34994,2016,A,GEF,US3976241071,2452182686,2.58833
34996,2016,A,GEF,US3976241071,1322863696.2,2.58833
43859,2016,A,DVD,US2601741075,84608570.5,1.5725
43868,2016,A,CSFL,US15201P1093,1211859511.8,2.19358
43903,2016,A,CNC,US15135B1017,9715146702.2,1.64803
43978,2016,A,CRMT,US03062T1051,353229625,1.44883
44217,2016,A,ECPG,US2925541029,733239450,1.31099
44341,2016,A,AAP,US00751Y1064,12472430880,4.27696
44385,2016,A,BOH,US0625401098,3781384888.8,3.2555
44395,2016,A,EFSC,US2937121059,861919305,2.22666
44431,2016,A,ABG,US0434361046,1311320527.3,4.68831
44562,2016,A,DDE,US2600951048,34005053.45,0.294
45244,2016,A,ENG,US2933061069,64984295.98,1.76558
45478,2016,A,BRKL,US11373M1071,1165012523.6,1.67497
45569,2016,A,DENN,US24869P1049,915523140,-12.87442
45702,2016,A,NPO,US29355X1072,1439083889.9,4.01418
46145,2016,A,BGFV,US08915P1012,381919494.85,1.86269
46411,2016,A,GTN,US3893751061,786613640.05,1.59602
46413,2016,A,GTN,US3893751061,717120887.35,1.59602
46422,2016,A,COP,US20825C1045,62036684507,1.77379
46645,2016,A,EBIX,US2787152063,1830922422.7,4.28892
46838,2016,A,CNP,US15189T1079,10612016899,3.06706
46916,2016,A,KMX,US1431301027,12537520747,4.00066
47077,2016,A,EPD,US2937921078,57278039944,2.598
47630,2016,A,CPSI,US2053061030,319378800,2.02177
47631,2016,A,GSB,US37940G1094,87575537.17,2.93131
47888,2016,A,AMOT,US0193301092,200509860,2.77384
47892,2016,A,CMCSA,US20030N1019,164049106902,3.04116
47894,2016,A,CMCSA,US20030N1019,163396972808,3.04116
47900,2016,A,ARLP,US01877R1086,1669719311.3,1.22624
47901,2016,A,ARLP,US01877R1086,,
48278,2016,A,XEC,US1717981013,12927287048,5.47752
48415,2016,A,CLCT,US19421R2004,188904540,13.75704
48830,2016,A,ACTG,US0038813079,328094273,1.23535
49514,2016,A,FNFG,US33582V1089,,
49516,2016,A,GLAD,US3765351008,219204122.58,1.13114
49925,2016,A,MO,US02209S1033,131404067787,10.29006
50643,2016,A,DVD,US2601741075,42035628,1.5725
50700,2016,A,AZTA,US1143401024,1173705905.1,2.14636
50701,2016,A,CCK,US2283681060,7351400786,20.08581
50786,2016,A,AXST,US05459T1016,,
51476,2016,A,BCO,US1096961040,2062500000,6.11836
51555,2016,A,CCRN,US2274831047,504816238.85,3.33778
51854,2016,A,BRKR,US1167941087,3385722440.1,4.93258
52385,2016,A,EGAN,US28225C8064,56926800,-8.03735
52420,2016,A,CVCO,US1495681074,891459701.65,2.33853
52595,2016,A,CIA,US1747401008,481966719.48,1.97432
52602,2016,A,CW,US2315611010,,
52604,2016,A,DGICA,US2577012014,375484191.72,1.10606
52741,2016,A,ATEA,US04622E2081,6289500,-1.48829
52910,2016,A,FORM,US3463751087,794167886.4,1.98019
52974,2016,A,AGYS,US00847J1051,237685190.96,2.04262
53033,2016,A,DKS,US2533931026,5858562718.8,3.03633
53034,2016,A,DKS,US2533931026,4546415521.8,3.03633
53068,2016,A,BBGI,US0740141017,74873433.3,0.87584
53995,2016,A,BIIB,US09062X1037,61224922000,5.0432
54018,2016,A,APT,US0207721095,72603840.316,1.65137
54229,2016,A,GOOD,US3765361080,519430431,2.86846
54539,2016,A,CEVA,US1572101053,713725925,3.37378
54634,2016,A,CRI,US1462291097,4228675601.3,5.3655
54807,2016,A,EXP,US26969P1084,4781349840.8,4.09925
54853,2016,A,GGLR,US37249T1097,,
55053,2016,A,FFG,US30239F1066,1944570657.3,1.89261
55130,2016,A,FPO,US33610F1093,639759430,1.46605
55310,2016,A,BWLD,US1198481095,2696204596,5.20464
55339,2016,A,FHN,US3205171057,4674809956.9,2.02403
55357,2016,A,AIZ,US04621X1081,5194725832.8,1.43572
55363,2016,A,CALD,US13123E5006,1070025600,4.51753
55365,2016,A,CMP,US20451N1019,2647391968.4,3.6918
55519,2016,A,GSTCQ,US36729W2026,313733350.18,-0.78996
55526,2016,A,CHE,US16359R1032,2596488816.6,4.9542
55739,2016,A,BDSI,US09060J1060,94706535,-5.3607
55767,2016,A,BDC,US0774541066,3153798600,2.15967
55779,2016,A,CUTR,US2321091082,238968299.15,3.91687
55790,2016,A,GHL,US3952591044,803687606.1,2.76008
55867,2016,A,CAMP,US1281261099,531671500,3.05327
55926,2016,A,BJRI,US09180C1062,877647600,3.19264
55934,2016,A,DPZ,US25754A2015,7659466771.3,-4.06738
55975,2016,A,ACAD,US0042251084,3500229154,6.75184
55979,2016,A,AEL,US0256762065,1983545470.2,0.86557
55980,2016,A,ANGO,US03475V1017,612011513.26,1.17672
55984,2016,A,NILE,US09578R1032,,
55986,2016,A,CONN,US2082421072,391669300,0.75643
55991,2016,A,GNW,US37247D1063,1901190000,0.16703
56158,2016,A,ALE,US0185223007,3183824000,1.68189
56259,2016,A,ABR,US0389231087,383453541.98,0.77567
56260,2016,A,BLKB,US09227Q1004,3040358400,12.28204
56322,2016,A,BMR,US09063H1077,,
56324,2016,A,CVGI,US2026081057,165188587.62,2.44037
56387,2016,A,ALNY,US02043Q1076,3217643919.4,3.4966
56392,2016,A,EXR,US30225T1025,9723083970.4,4.3312
56393,2016,A,ROCK,US3746891072,1336340250,2.89954
56471,2016,A,ENS,US29275Y1029,3373100106.2,3.21641
56540,2016,A,DTLK,US2379341041,,
56669,2016,A,ANCX,US0043371014,295262077.92,2.4497
56670,2016,A,ACC,US0248351001,6579858129.4,1.90998
56672,2016,A,BECN,US0736851090,2759173072,2.04883
56677,2016,A,CNS,US19247A1007,1541919388.8,5.80074
56682,2016,A,EXP,US26969P1084,,
56953,2016,A,ELS,US29472R1086,6166668730.6,7.06863
56964,2016,A,DLR,US2538681030,15625218535,3.85949
56965,2016,A,DWA,US26153C1036,,
57283,2016,A,BBW,US1200761047,218032746.25,2.19986
57372,2016,A,TBBK,US05969A1051,434808943.44,1.45439
57399,2016,A,CLMS,US12811R1041,,
57470,2016,A,CAB,US1268043015,4010807088.8,1.99384
57827,2016,A,BGS,US05508R1068,,
57832,2016,A,CSCD,US1473221018,,
57839,2016,A,DWA,US26153C1036,,
57908,2016,A,CCOI,US19239V3024,1880547842.5,-35.31291
58182,2016,A,CORT,US2183521028,818274600,19.77501
58411,2016,A,ANRZQ,US02076X1028,,
58946,2016,A,GFIG,US3616522096,,
58997,2016,A,CRAI,US12618T1051,305024034,1.47198
59009,2016,A,LONG,US2901382059,,
59058,2016,A,JOBS,US3168271043,2030108613,2.83827
59070,2016,A,DXCM,US2521311074,5050620000,17.79641
59072,2016,A,RAIL,US3570231007,184832384.76,0.71943
59176,2016,A,DLB,US25659T1079,4583269624.7,2.30857
59177,2016,A,DLB,US25659T1079,2576659778.8,2.30857
59663,2016,A,CE,US1508701034,11075603597,4.2796
59665,2016,A,CTRN,US17306X1028,280700004.84,1.25542
59668,2016,A,DRH,US2527843013,2308316400.1,1.25671
59671,2016,A,FSP,US35471R1068,1389715768.8,1.44455
59797,2016,A,AAWW,US0491642056,1304649170.3,0.85983
59825,2016,A,DTSI,US23335C1018,,
59826,2016,A,DYAI,US26745T1016,53754559.9,0.93178
59848,2016,A,BLDR,US12008R1077,1223857080,3.95277
59944,2016,A,BFIN,US06643P1049,285044323.2,1.39195
59999,2016,A,CBZ,US1248051021,740402800,1.54244
60121,2016,A,BIDU,US0567521085,44925938399,4.79912
60122,2016,A,DMND,US2526031057,,
60180,2016,A,AXPWQ,US05460X4060,1795309.6118,-0.17631
60251,2016,A,CNSL,US2090341072,1358941919.7,7.94917
60381,2016,A,CVA,US22282E1029,2028000000,4.3241
60458,2016,A,ALJ,US0205201025,814558698.34,1.56313
60475,2016,A,GAXCQ,US37941L2060,,
60556,2016,A,BSQR,US11776U3005,73314235.8,1.92365
60594,2016,A,AMP,US03076C1062,17169063750,2.72871
60597,2016,A,CF,US1252691001,7338434040.1,2.19188
60610,2016,A,CHRW,US12541W2098,10348561080,8.2272
60646,2016,A,ATRC,US04963C2098,652502940,3.87375
60648,2016,A,CECO,US1251411013,476563931.55,2.50715
60674,2016,A,FTK,US3433891021,534972526.2,1.86179
60886,2016,A,GHDX,US37244C1018,994322421.22,6.36958
61003,2016,A,GLP,US37946R1095,652424362.05,1.64919
61040,2016,A,T,US00206R1023,261091412566,2.12037
61113,2016,A,ACCO,US00081T1088,1408181704.2,1.98699
61211,2016,A,GME,US36467W1099,2551260000,1.13183
61329,2016,A,ABCB,US03076K1088,1522576266.4,2.35534
61330,2016,A,ARCC,US04010L1035,5177860000,1.00249
61688,2016,A,BKD,US1124631045,2360367358,1.13589
61744,2016,A,CYNO,US2325772059,1080172800,2.37143
61926,2016,A,CA,US12673P1057,13108189280,2.35465
61949,2016,A,DCP,US23311P1003,4404099166.2,1.70503
62005,2016,A,ARII,US02916P1030,864308834.62,1.5707
62048,2016,A,BWP,US0966271043,4345208000,0.97819
62091,2016,A,BRSWQ,US1103941035,716323696.64,0.52537
62191,2016,A,AB,US01881G1067,2264148855.5,1.47168
62213,2016,A,CLMT,US1314761032,305569032,1.50601
62214,2016,A,CMG,US1696561059,10872098480,7.75198
62286,2016,A,AMSF,US03071H1005,1198998917.3,2.62852
62292,2016,A,CORE,US2186811046,1987807901.1,3.752
62293,2016,A,CROX,US2270461096,504896000,2.57227
62294,2016,A,ET,US29273V1008,20216549602,-10.80522
62352,2016,A,DLIAQ,US2469111015,,
62427,2016,A,FIS,US31620M1062,24809920000,2.54696
62858,2016,A,CAM,US13342B1052,,
63035,2016,A,GPRE,US3932221043,1068440686.3,1.23876
63172,2016,A,CPHI,US16941T1043,11330684.82,0.19234
63272,2016,A,CRAY,US2252233042,843679380.6,1.60555
63311,2016,A,AHGP,US01861G1004,1682150300,2.89264
63314,2016,A,CODI,US20451Q1040,1072210000,1.25199
63420,2016,A,ARTX,US0426822039,92533819,1.40218
63758,2016,A,GTLS,US16115Q3083,1102686239.3,1.58144
64071,2016,A,EPM,US30049A1079,329078630,5.45099
64127,2016,A,CAR,US0537741052,3154480000,14.27365
64161,2016,A,FSYS,US35952W1036,,
64167,2016,A,EVR,US29977A1051,2692413456,5.10606
64169,2016,A,GMET,US37250U2015,,
64404,2016,A,CIEN,US1717793095,3411727775.1,4.45197
64523,2016,A,CVLT,US2041661024,2268487600,5.30878
64549,2016,A,ACFN,US0048481073,5134382.7074,3.85428
64561,2016,A,BZC,US1067641035,,
64610,2016,A,BBEPQ,US1067761072,53450000,1.15719
64644,2016,A,BIO,US0905722072,4457461631.3,2.08418
64690,2016,A,EMAN,US29076N2062,67997009.4,3.32339
64829,2016,A,AWI,US04247X1028,2275100139.4,8.54016
64834,2016,A,EHTH,US28238P1093,195497268.15,2.51926
64892,2016,A,ACHN,US00448Q2012,564661860,1.41358
64950,2016,A,EXLS,US3020811044,1696201818,3.18844
64966,2016,A,CPRX,US14888U1016,87120931.8,2.21631
64970,2016,A,AFSI,US0323593097,4668509040,2.03907
65018,2016,A,EBS,US29089Q1058,1332452130.4,2.23489
65049,2016,A,FSLR,US3364331070,3338474517.8,0.64045
65085,2016,A,DEI,US25960P1093,5539944477.6,2.88361
65135,2016,A,ALGT,US01748X1028,2767801920,5.84391
65136,2016,A,GSAT,US3789734080,1748446138.4,10.8049
65180,2016,A,AFFY,US00826A1097,,
65181,2016,A,AIMC,US02208R1068,1003907377.8,3.54302
65183,2016,A,CDVIQ,US12802T1016,,
65185,2016,A,TAST,US14574X1046,537693329.75,3.4767
65249,2016,A,CPLA,US1395941057,1013651000,4.86649
65311,2016,A,GLDD,US3906071093,256040400,1.03288
65646,2016,A,AVAV,US0080731088,626746787.75,1.80116
65648,2016,A,EIG,US2922181043,1272305311.2,1.75249
65779,2016,A,ARAY,US0043971052,374339756.8,8.17342
65783,2016,A,FIG,US34958B1061,1876440829,3.3256
65875,2016,A,EEP,US29250R1068,6681070745.4,3.21928
66140,2016,A,CPSH,US12619F1049,24690425.32,2.29651
66413,2016,A,GLUU,US3798901068,259961940,1.11661
66455,2016,A,GSIT,US36241U1060,134641456.8,1.46371
66492,2016,A,BR,US11133T1034,7843290000,7.94954
66536,2016,A,AAIR,US05350T1016,,
66589,2016,A,UFS,US2575592033,3288065746.7,0.91287
66592,2016,A,FRM,US3610861011,,
66911,2016,A,ACM,US00766T1007,5595858540,1.66972
67174,2016,A,ENOC,US2927641074,184132698,2.3109
67295,2016,A,CAI,US12477X1063,165226071.39,0.36115
67297,2016,A,GORO,US38068T1051,246065901.9,2.29805
67346,2016,A,FOLD,US03152W1099,709179170.42,1.96911
67347,2016,A,CLNE,US1844991018,416238860.18,0.88776
67402,2016,A,BRCD,US1116213067,5017832520,1.97326
67492,2016,A,BMRC,US0634251021,427380151.5,1.85364
67552,2016,A,CTCM,US12642X1063,,
67725,2016,A,BK,US0640581007,49629995701,1.40718
67733,2016,A,FTEK,US3595231073,26962940.25,0.62247
68119,2016,A,CME,US12572Q1058,39016345968,1.91814
68359,2016,A,AMAG,US00163U1060,1194897915.6,1.2788
68360,2016,A,ACIW,US0044981019,2129662865.6,2.82106
68443,2016,A,SCOR,US20564W1053,1805510613.3,1.99536
68492,2016,A,CLR,US2120151012,19301336080,4.4866
68954,2016,A,DFS,US2547091080,28026142166,2.60757
69244,2016,A,CNK,US17243V1026,4457825266.7,3.53286
69403,2016,A,BMNM,US0903194019,33094862.74,0.46103
69469,2016,A,ALJJ,US0016271084,151784250,2.03472
69608,2016,A,ATHN,US04685W1036,4154215000,6.55963
69609,2016,A,CTCT,US2103131023,,
69839,2016,A,ACTS,US00507E1073,,
69890,2016,A,DAL,US2473617023,35944987906,2.92545
70067,2016,A,EJ,US26852W1036,,
70078,2016,A,DFT,US26613Q1067,3334935538.6,4.35511
70242,2016,A,EVKG,US2997662042,30315277,0.35701
70268,2016,A,CVI,US12662P1084,2204640359.5,2.56921
70314,2016,A,APEI,US02913V1035,395475950,1.49422
70315,2016,A,AREXQ,US03834A1034,139911979.5,0.24853
70320,2016,A,ENSG,US29358P1012,1138640070,2.49456
70383,2016,A,AMCC,US03822W4069,697867500,
70677,2016,A,CLFD,US18482P1030,292413975.3,4.55913
70789,2016,A,CXO,US20605P1012,19367420350,2.54076
70947,2016,A,AMRN,US0231112063,829640183.68,-24.8227
70968,2016,A,SATS,US2787681061,4851122778.5,1.23751
70969,2016,A,GRHHQ,US39530A1043,,
71047,2016,A,DISH,US25470M1099,26951782276,5.81218
71048,2016,A,DISH,US25470M1099,13139230861,5.81218
71086,2016,A,GRO,US00850H1032,,
71100,2016,A,CLMT,US1314761032,,
71108,2016,A,CMLS,US2310828015,29810280.3,-0.06079
71114,2016,A,DCP,US23311P1003,,
71117,2016,A,EXPE,US30212P3038,15545691936,4.1129
71174,2016,A,CME,US12572Q1058,39015984000,1.91814
71385,2016,A,EVR,US29977A1051,2692411807.2,5.10606
71459,2016,A,STVVY,US16938G1076,88016227.02,0.73221
71464,2016,A,DDE,US2600951048,18689341.76,0.294
71466,2016,A,EVEP,US26926V1070,,
71548,2016,A,37Y1,US29843U2024,,
71617,2016,A,CBNJ,US1392091005,,
71766,2016,A,DLTR,US2567461080,18225010362,3.38158
71864,2016,A,GPK,US3886891015,3912901636.8,3.70365
72248,2016,A,BGCP,US05541T1016,2861515140,3.39903
72307,2016,A,CLMS,US12811R1041,,
72309,2016,A,GLP,US37946R1095,,
72430,2016,A,DAN,US2358252052,2731948554.4,2.36123
72574,2016,A,APPCQ,US0238501003,,
72584,2016,A,CE,US1508701034,,
72657,2016,A,CPN,US1313473043,4104075962.5,1.25584
72738,2016,A,ATSG,US00922R1059,949002204.36,2.85928
72757,2016,A,ADGE,US0253981080,14191546.6,0.81766
72809,2016,A,UFS,US2575592033,3287881876.4,0.91287
72890,2016,A,DIN,US2544231069,1383661972,5.47395
72917,2016,A,SATS,US2787681061,2400485844.3,1.23751
73013,2016,A,AWK,US0304201033,12887076344,2.46973
73042,2016,A,CAAS,US16936R1059,1177954377.7,0.56448
73191,2016,A,GTE,US38500T1016,1621931892.2,1.40282
73366,2016,A,ACAS,US02503Y1038,,
73427,2016,A,BREW,US2241221017,325515040.5,2.72031
73466,2016,A,ATVI,US00507V1098,26919521054,2.95203
73479,2016,A,ERII,US29270J1007,550232402.85,8.44781
73583,2016,A,FDML,US3135494041,1742809111.8,2.36153
73839,2016,A,BWP,US0966271043,4345208000,0.97819
74251,2016,A,AACG,US00211V1061,85179036.845,1.39342
74401,2016,A,NPD,US16943C1099,,
99928,2016,A,ASCMA,US0436321089,200827438.86,0.84153
99949,2016,A,GLTR,US37949E2046,69056829945,1.46575
99978,2016,A,BVSNQ,US1114127061,23054700,1.36718
100191,2016,A,FIG,US34958B1061,1054093180.9,3.3256
100294,2016,A,DESTQ,US25065D1000,72433855.89,1.18453
100329,2016,A,CBRL,US22410J1060,4000195255.3,7.33483
100335,2016,A,LOPE,US38526M1062,2779823550,3.59296
100436,2016,A,CLW,US18538R1032,1080718654.8,2.30002
100539,2016,A,DL,US16944W1045,368184715.54,8.1392
100716,2016,A,GIG,US36467X2062,2512832924.6,2.6287
100834,2016,A,EQT,US26884L1098,11302885800,1.92873
100873,2016,A,BGCP,US05541T1016,2505020100,3.39903
101104,2016,A,CYLU,US2324291002,3424039.04,1.02795
101252,2016,A,CYOU,US15911M1071,366055610,0.99431
101259,2016,A,BGS,US05508R1068,2908596553.2,3.70212
101331,2016,A,DMRC,US25381B1017,315690000,4.30776
101465,2016,A,CDE,US1921085049,1644683578.8,2.14016
101473,2016,A,SAUC,US25532M1053,37285110.8,-9.07029
101552,2016,A,AI,US0413562051,349857385.02,0.91326
101557,2016,A,DGI,US25389M8771,1759110000,1.4998
101611,2016,A,CXDC,US16948F1075,1375430609,0.31225
101732,2016,A,GFN,US3698221013,2400328576.6,25.74993
101756,2016,A,AIG,US0268747849,65005383776,0.93575
101932,2016,A,EVOL,US30049R2094,48820303.1,1.66429
102003,2016,A,CSII,US1416191062,793906352.37,7.03836
102080,2016,A,GSM,US37954N2062,,
102341,2016,A,FNSR,US31787A5074,3259967424.8,2.68051
102347,2016,A,CPIX,US2307701092,88407968,1.20696
102390,2016,A,AAIC,US0413562051,350157578.94,0.91326
102393,2016,A,EDMCQ,US28140M1036,,
102738,2016,A,FBR,US31573A1097,5320005704.4,1.25851
102755,2016,A,DG,US2566771059,20384952840,3.7706
102760,2016,A,CLNY,US19624R1068,,
102910,2016,A,CBNRQ,US2296751033,,
102923,2016,A,BKEP,US09625U1097,260323269.45,0.55249
102986,2016,A,CLDP,US18911Q1022,344818650,0.36233
103018,2016,A,FTNT,US34959E1091,5213109360,6.22327
103067,2016,A,ECHO,US27875T1016,704693548.95,1.96759
103206,2016,A,ADUS,US0067391062,404021350,2.54217
103208,2016,A,ASUR,US04649U1025,72479670,3.97237
103254,2016,A,DSCI,US2498275021,,
103304,2016,A,CIT,US1255818015,8625101841,0.86228
103355,2016,A,ARI,US03762U1051,1519444875.1,1.0312
103469,2016,A,BMNM,US0903194019,33262217.86,0.46103
103581,2016,A,CALX,US13100M5094,380320848.6,1.78585
103608,2016,A,GNRC,US3687361044,2554259769.2,6.36778
103781,2016,A,CDXS,US1920051067,189773000,9.93628
103820,2016,A,FIBK,US32055Y2019,1914564269.3,1.94848
103839,2016,A,CNO,US12621E1038,3327381708.1,1.04763
103840,2016,A,CRRSQ,US22004Y1055,,
103881,2016,A,ESSX,US2971871064,,
103967,2016,A,ETFC,US2692464017,9492832329.8,1.61663
103969,2016,A,CLGX,US21871D1037,3107273440,3.09803
104069,2016,A,FAF,US31847R1023,4027248720,1.32696
104108,2016,A,EXPR,US30219E1038,843820720,1.32742
104218,2016,A,FLY,US34407D1090,429010652,0.72317
104379,2016,A,DVOXQ,US26817F1049,,
104380,2016,A,DVOXQ,US26817F1049,,
104404,2016,A,FNGN,US3174851002,2285813250,3.05864
104453,2016,A,ALR,US01449J1051,3393936270,3.03765
104455,2016,A,EGAS,US3672041049,132022586.4,1.42025
104467,2016,A,GNMK,US3723091043,569820960,14.93594
104481,2016,A,CPS,US21676P1030,1828855365.2,2.62254
104673,2016,A,PLOW,US25960R1059,757180186,3.4345
104693,2016,A,FXCB,US35137T1088,,
104755,2016,A,ABCD,US13201A1079,230567940,-3.76362
104756,2016,A,CELH,US15118V2079,97999470.8,8.99512
104757,2016,A,CLDT,US16208T1025,788442137.7,1.16506
104872,2016,A,AFOP,US0186803062,,
104896,2016,A,ENV,US29404K1060,1524229986.8,3.68359
104943,2016,A,BSFT,US11133B4095,1252066488.8,4.15646
105185,2016,A,COR,US21870Q1058,2690386714.3,8.38842
105188,2016,A,ELMD,US2854091087,31765994.56,1.85352
105212,2016,A,AMRC,US02361E1082,244246464,0.82991
105234,2016,A,AMRC,US02361E1082,145246464,0.82991
105406,2016,A,BBLUQ,US0954281087,,
105412,2016,A,BORNY,US16890T1051,34471500,0.1281
105443,2016,A,CBOE,US12503M1080,6006171334.2,18.89055
105444,2016,A,CBOE,US12503M1080,,
105503,2016,A,TFM,US35804H1068,,
105518,2016,A,CACB,US1471542076,619248934.08,1.67522
105519,2016,A,GM,US37045V1008,52260000000,1.19217
106035,2016,A,GDOT,US39304D1028,1189581150,1.73983
106249,2016,A,CHMT,US1638932095,2091600000,2.13865
106250,2016,A,MY,US16951C1080,,
107955,2016,A,AAN,US0025353006,,
107980,2016,A,GTIMD,US3821408792,38690268.75,1.08678
109327,2016,A,FLNT,US34380C1027,1283257343,0.8046
110270,2016,A,CCG,US13466Y1055,,
110706,2016,A,DANG,US26833A1051,,
111590,2016,A,EXAM,US30066A1051,,
111752,2016,A,ABHD,US00400H2076,10128884.635,-3.22581
111795,2016,A,CPF,US1547604090,967617955.06,1.9174
112333,2016,A,BAH,US0995021062,5338088104.3,9.49395
112428,2016,A,BBRG,US10567B1098,57348057.2,-2.66364
112430,2016,A,FLT,US3390411052,12996763466,4.2142
112432,2016,A,GCAP,US36268W1009,317289198.94,1.07855
112554,2016,A,ANAC,US0324201013,,
112600,2016,A,ECYT,US29269A1025,108062681.1,0.78793
113001,2016,A,ANN,US0356231078,,
113604,2016,A,AAT,US0240131047,1970139255.7,2.4336
113978,2016,A,CCM,US2062771058,199257544.77,1.18664
114152,2016,A,CSOD,US21925Y1038,2391191960,88.68348
114337,2016,A,FRC,US33616C1009,14216509752,2.46423
114349,2016,A,C,US1729674242,164763247646,0.80034
114403,2016,A,BKU,US06652K1034,3926052157.1,1.62339
114430,2016,A,AL,US00912X3026,3530650895.4,1.0439
114498,2016,A,BANR,US06652V2088,1852522928.5,1.41879
114504,2016,A,LAB,US34385P1084,212634240,3.9944
114513,2016,A,ETLN,US29760G1031,56986840276,0.98047
114551,2016,A,BKCC,US0925331086,505826460.74,0.84825
114562,2016,A,GNCIQ,US36191G1076,755124960,-7.94473
114615,2016,A,BONA,US09777B1070,,
114624,2016,A,CAVM,US14964U1088,4194821227,5.65459
114672,2016,A,FRP,US3055603027,506291242.6,-9.36241
114765,2016,A,WIFI,US09739C1027,470070780,4.80606
114811,2016,A,GBDC,US38173M1027,1012536270.8,1.16817
114815,2016,A,DAEG,US2337201014,,
114832,2016,A,DNKN,US2655041000,4794979982.9,-29.37058
114932,2016,A,AMCX,US00164V1035,3588610816,-119.29345
114934,2016,A,AVGR,US05349V2097,603588982.5,0.17413
115010,2016,A,CARB,US1413371055,449261993.6,77.00615
115013,2016,A,CCIHY,US16950M1071,65494275.04,-3.1986
115026,2016,A,ALLY,US02005N1000,8882345820.1,0.66699
115076,2016,A,ACW,US00439T2069,,
115078,2016,A,CHEF,US1630861011,415231410.2,2.14302
115141,2016,A,AMID,US02752P1003,580889400,4.29963
115200,2016,A,CYS,US12673A1088,1170592340.3,0.92851
115278,2016,A,AMTG,US03763V1026,,
115346,2016,A,CUBE,US2296631094,4820824881.5,2.91221
115356,2016,A,AEGR,US00767E1029,,
115464,2016,A,AGEN,US00847G7051,361715123.96,-5.05571
115512,2016,A,FBIN,US34964C1062,8201408193,3.47297
115524,2016,A,CBRE,US12504L1098,10620929849,3.52329
115554,2016,A,AXGN,US05463X1063,297079785,19.91018
115575,2016,A,GLPR,US37951Q2021,519692235.13,1.77053
115635,2016,A,BITA,US0917271076,1315417821.2,0.95724
115654,2016,A,CRMBQ,US2288031022,,
115737,2016,A,CCSC,US22238M1099,,
115756,2016,A,ACHC,US00404A1097,2869379386.9,1.32368
115758,2016,A,AEGN,US00770F1049,804764404.8,1.41559
115829,2016,A,ZXAIY,US16951E1047,61893212.5,0.16939
115840,2016,A,CHKR,US1651851099,109862500,3.43985
115875,2016,A,FBNK,US3198501039,360082859.7,1.384
115937,2016,A,GNE,US3722842081,141720250,1.84553
115939,2016,A,GNE,US3722842081,132669750,1.84553
116019,2016,A,CLVSQ,US1894641000,1720124077.8,-473.35891
116022,2016,A,CXDO,US2265521078,19688906.2,38.22832
116160,2016,A,AMCX,US00164V1035,2987516901.3,-119.29345
116162,2016,A,AL,US00912X3026,,
116165,2016,A,CTPR,US22945C1053,,
116182,2016,A,CSUNY,US16942X3026,,
116183,2016,A,ELLI,US28849P1003,2818815108.3,4.30414
116185,2016,A,EXPE,US30212P3038,16995675823,4.1129
116266,2016,A,AMT,US03027X1000,45136193257,9.42518
116578,2016,A,FULL,US3596711040,,
116639,2016,A,CCXI,US16383L1061,355628608,7.12614
116646,2016,A,EMKR,US2908462037,228322800,2.08547
116665,2016,A,AVHI,US00234P1021,355699585.6,0.78903
116680,2016,A,EPAM,US29414B1044,3286092251,4.20533
116802,2016,A,BV,US0732711082,398038277.8,2.20873
116803,2016,A,BCOV,US10921T1016,273765591.4,3.50102
116804,2016,A,CZR,US1276861036,1249500000,-0.3933
116952,2016,A,BPL,US1182301010,,
117073,2016,A,ALSN,US01973R1014,5518273898.8,5.10809
117074,2016,A,ALSN,US01973R1014,,
117088,2016,A,GALT,US3632252025,32248100.572,106.38436
117126,2016,A,DWRE,US24802Y1055,,
117155,2016,A,ARPJQ,US04941A1016,,
117156,2016,A,ARP,US04941A1016,,
117184,2016,A,ESRX,US30219G1085,41652345000,2.56543
117214,2016,A,FCHS,US31949B1044,39410123.2,2.82616
117314,2016,A,ENPH,US29355A1079,62891690,48.37165
117405,2016,A,META,US30303M1027,332724600000,5.62092
117425,2016,A,CLIR,US1850641028,44145389.2,19.67251
117438,2016,A,META,US30303M1027,270827700000,5.62092
117458,2016,A,ACRE,US04013V1089,391068239.88,0.93327
117551,2016,A,EVER,US29977G1022,2470864593,1.32391
117651,2016,A,CEMI,US1635722093,81782559.6,4.76324
117713,2016,A,FRGI,US31660B1017,798655854,3.02321
117766,2016,A,BCOR,US0952291005,617213750,1.48006
117767,2016,A,PRSS,US12769A1034,48930420,1.10035
117776,2016,A,CHSP,US1652401027,1543116989,1.29832
117828,2016,A,ALXA,US0153842093,,
117971,2016,A,DLHC,US23335Q1004,66219120,2.04921
118004,2016,A,DUK,US26441C2044,54334000000,1.32415
118017,2016,A,ECTM,US26827L1098,37850750,0.67851
118018,2016,A,ECTM,US26827L1098,,
118029,2016,A,ALEX,US0144911049,2198630000,1.8181
118045,2016,A,EQM,US26885B1008,6179009203.4,3.07641
118046,2016,A,EQM,US26885B1008,,
118049,2016,A,EXA,US3006145003,228770718.72,11.9313
118187,2016,A,KLNG,US24372A3059,20749138.2,0.89044
118251,2016,A,FIVE,US33829M1018,2194001961.8,6.6203
118309,2016,A,ENVI,US29413T1060,,
118329,2016,A,CHUY,US1716041017,546436842.6,3.47905
118330,2016,A,DFRG,US2450771025,395628658,1.60586
118365,2016,A,EOPN,US29788A1043,,
118442,2016,A,APGI,US02906V1026,8248577.0304,124.88636
118446,2016,A,GMED,US3795772082,2380023300,2.86034
118447,2016,A,GMED,US3795772082,1787610120,2.86034
118460,2016,A,ARCW,US00213H1059,82700239.6,1.76235
118476,2016,A,RATE,US06647F1021,995300926.1,1.44377
118486,2016,A,BLMN,US0942351083,1873715643.3,10.25574
118524,2016,A,ILED,US30049B1052,,
118580,2016,A,BWEN,US11161T2078,60277902.35,0.8789
118707,2016,A,THRM,US37253A1034,1236691606.4,2.68609
118756,2016,A,CUBI,US23204G1004,1084984826.9,1.69954
118757,2016,A,CUUU,US23204G1004,,
118780,2016,A,EPL,US26883D1081,,
118876,2016,A,CBF,US1397941014,2031776250,1.57252
118877,2016,A,CBF,US1397941014,1370256750,1.57252
118901,2016,A,ADT,US00101J1060,,
118910,2016,A,GEOS,US37364X1090,271359423.76,1.1699
118964,2016,A,BERY,US08579W1036,5945060000,24.5254
118981,2016,A,FABU,US3027711007,,
119003,2016,A,FBC,US3379307057,1530860165.9,1.14585
119014,2016,A,BZH,US07556Q8814,439848702.3,0.69363
119015,2016,A,DYN,US26817R1086,992363228.28,0.60436
119030,2016,A,FANG,US25278X1090,9109945970,2.46384
119055,2016,A,AERO,US00768M2026,30299862.64,11.65542
119192,2016,A,DKL,US24664T1034,694581729.85,-98.33976
119193,2016,A,DKL,US24664T1034,,
119243,2016,A,EPR,US26884U1097,4567951003.4,2.48302
119304,2016,A,ALDW,US02052T1097,600194112,5.79882
119425,2016,A,ABBV,US00287Y1091,99723146777,21.51062
119468,2016,A,CLRO,US18506U1043,100464141.6,1.29716
119545,2016,A,DYNT,US2681574016,6592408,4.22829
119556,2016,A,DQ,US23703Q2030,203002246.62,0.75158
119583,2016,A,AXDX,US00430H1023,1068963411.8,13.73708
119594,2016,A,AIQ,US0186063014,103804454.4,-0.74377
119616,2016,A,ARC,US00191G1031,233619040,1.55833
119617,2016,A,BDBD,US1014051080,,
119679,2016,A,CVRR,US12663P1075,1535040000,1.18381
119698,2016,A,CONE,US23283R1005,3736576462.5,3.21564
119748,2016,A,BFAM,US1091941005,4124897945.6,5.99665
119750,2016,A,LAND,US3765491010,112679595,1.46928
119762,2016,A,AXLL,US05463D1000,,
119825,2016,A,XONE,US3021041047,149599854.1,1.70426
119839,2016,A,BCC,US09739D1000,862942500,1.48782
119931,2016,A,DXLG,US25065K1043,215728831.25,2.43707
119961,2016,A,FBRC,US30247C4006,89937978,0.76596
119963,2016,A,FF,US36116M1062,608124583,1.82723
119981,2016,A,CBMG,US15117P1021,187086051.8,2.8392
120021,2016,A,APAM,US04316A1088,1253945721,9.52043
120022,2016,A,APAM,US04316A1088,1253945721,9.52043
120065,2016,A,CXI,US23131B3078,139469068.25,2.74803
120087,2016,A,DVCR,US2551041013,66144000,5.79194
120132,2016,A,ENTA,US29251M1062,637702985,2.37851
120189,2016,A,ASCMA,US0436321089,194618411.52,0.84153
120194,2016,A,BKEP,US09625U1097,260323269.45,0.55249
120195,2016,A,CHKR,US1651851099,82396875,3.43985
120199,2016,A,FIBK,US32055Y2019,925621211.5,1.94848
120203,2016,A,GNCIQ,US36191G1076,755124960,-7.94473
120204,2016,A,GOOD,US3765361080,500143435.8,2.86846
120206,2016,A,GHL,US3952591044,802778935.3,2.76008
120235,2016,A,DPZ,US25754A2015,7656851732,-4.06738
120243,2016,A,GTE,US38500T1016,1588599979,1.40282
120330,2016,A,CMRX,US16934W1062,214003385,0.77475
120356,2016,A,FWMHQ,US30603D1090,,
120357,2016,A,FWMHQ,US30603D1090,,
120363,2016,A,HAWK,US09238E1047,2097254225,2.66082
120453,2016,A,EPD,US2937921078,57278039944,2.598
120455,2016,A,GSAT,US3789734080,1536712461.9,10.8049
120493,2016,A,BIOAQ,US09072Q1067,168370031.5,3.4722
120494,2016,A,CST,US12646R1059,3647319839.1,2.96771
120497,2016,A,EARN,US2885781078,118792969.97,0.83848
120520,2016,A,AHH,US04208T1088,546234559.77,3.68721
120521,2016,A,GWPH,US36197T1034,2813242356.9,5.44304
120531,2016,A,BXMT,US09257W1009,2842825708.4,1.14005
120540,2016,A,ARPI,US02927E3036,,
120542,2016,A,EMESQ,US29102H1086,357931173.36,6.54881
120549,2016,A,COSIQ,US22122P2002,683493.9818,
120581,2016,A,FDUS,US3165001070,353076775.48,0.998
120594,2016,A,ECOM,US1591791009,372465141.65,4.28136
120602,2016,A,BRSS,US37953G1031,742014198.1,8.17196
120610,2016,A,DAKPQ,US2342551072,,
120646,2016,A,EPZM,US29428V1044,702405000,3.48243
120653,2016,A,GLCH,US3773412016,,
120692,2016,A,FOSL,US34988V1061,1248236340,1.2405
120693,2016,A,ECTE,US27876L2060,,
120698,2016,A,INBK,US3205571017,207297600,1.3466
120711,2016,A,COTY,US2220702037,6172301000,1.39665
120712,2016,A,COTY,US2220702037,1375081000,1.39665
120720,2016,A,PETX,US03874P1012,262844879.96,2.90748
120721,2016,A,GIMO,US37518B1026,1653601650,6.2956
120779,2016,A,BLUE,US09609G1004,2510634700,2.88765
120780,2016,A,GOGO,US38046C1099,795647921.4,-19.69749
120797,2016,A,CYTK,US23282W6057,493856129.25,5.23369
120799,2016,A,ESPR,US29664W1053,282393770.76,1.23531
120816,2016,A,ADES,US00770C1018,203507997,2.67193
120819,2016,A,COB,US20416Q1085,,
120865,2016,A,CDW,US12514G1085,8350027000,7.98663
120877,2016,A,AMBC,US0231398845,1016381160,0.63721
120890,2016,A,BANC,US05990K1060,865716784.35,1.21732
120891,2016,A,BANC,US05990K1060,862213437.65,1.21732
120903,2016,A,ANIP,US00182C1036,703165630.3,4.14485
120904,2016,A,ANIP,US00182C1036,702507054.62,4.14485
120957,2016,A,AGIO,US00847X1046,1761859128.1,4.91328
121011,2016,A,BEAT,US0906721065,631644592.05,4.54702
121041,2016,A,FOXF,US35138V1026,1023725250,5.53553
121046,2016,A,AMH,US02665T3068,5092695312.4,1.21787
121048,2016,A,CTRL,US21240D1072,242043756,1.76827
121063,2016,A,AMH,US02665T3068,5106019185.9,1.21787
121080,2016,A,CVT,US23247G1094,,
121092,2016,A,EVHC,US29413U1034,,
121140,2016,A,FNJN,US31788H3030,26168460.006,44.05679
121164,2016,A,DFODQ,US2423702032,1972979219,3.23144
121252,2016,A,BNFT,US08180D1063,903741715.8,-27.13047
121260,2016,A,FATE,US31189P1021,103880130.06,1.42008
121261,2016,A,FPRX,US33830X1046,1378479848.5,3.52035
121281,2016,A,WEST,US0333551085,,
121290,2016,A,MYCC,US18948M1080,937139779.8,6.58242
121300,2016,A,XLRN,US00434H1086,976186599.52,4.32713
121302,2016,A,COVS,US22357R1032,76932763.2,1.32979
121323,2016,A,ESRT,US2921041065,3146419230.6,2.76923
121332,2016,A,BURL,US1220171060,5947815426.8,-119.40488
121333,2016,A,CHMI,US1646511014,136886094.2,0.88753
121334,2016,A,FMI,US3504651007,624473717.7,3.78823
121338,2016,A,AAOI,US03823U1025,431296000,1.89677
121354,2016,A,CMLP,US2263781070,,
121362,2016,A,ESRT,US2921041065,3124296300.6,2.76923
121369,2016,A,GAIN,US3765461070,256092304.68,0.86116
121374,2016,A,AR,US03674X1063,7446841050,1.18909
121456,2016,A,AERI,US00771V1089,1266408275,12.02164
121458,2016,A,COMM,US20337X1090,7210752656.4,5.17239
121459,2016,A,EIGI,US29272B1052,1253582870.1,10.07846
121489,2016,A,BRX,US11120U1051,7432059503.2,2.54271
121496,2016,A,TCS,US2107511030,304717291.25,1.44214
121517,2016,A,CPXX,US15089R1023,,
121525,2016,A,ARCX,US03879N1019,310268944.53,1.0891
121526,2016,A,ARCX,US03879N1019,310268944.53,1.0891
121531,2016,A,GLYC,US38000Q1022,141825140.3,4.01757
121567,2016,A,STAY,US30224P2002,3155822145.6,3.97043
121576,2016,A,CUDA,US0683231049,1117257207.4,-228.05151
121577,2016,A,CHGG,US1630921096,676811231.82,3.04954
121749,2016,A,FMD,US3207712072,,
121756,2016,A,GLPI,US36467J1088,6359064869.6,2.61274
121776,2016,A,CTT,US14912Y2028,,
121791,2016,A,AAL,US02376R1023,23685564004,6.25775
121805,2016,A,ARMK,US03852U1060,8741169077.6,3.92641
121807,2016,A,CTT,US14912Y2028,436854220,1.14639
121835,2016,A,ADMP,US00547W2089,69273360.45,2.74027
121837,2016,A,FGL,US3157851052,1384518781.8,0.79025
121861,2016,A,AMC,US00165C1045,3703636371.2,1.84193
121862,2016,A,AMC,US00165C1045,1152060277.7,1.84193
121924,2016,A,ELNK,US27033X1019,595036920,29.47478
121925,2016,A,GTTNQ,US3623931009,1070309140,8.37755
121966,2016,A,DRII,US25272T1043,,
121998,2016,A,CELPQ,US2327511075,125105571.4,3.11099
121999,2016,A,CELPQ,US2327511075,62723421.4,3.11099
122058,2016,A,CRCM,US1416331072,248392880,3.71018
122110,2016,A,BLFS,US09062W2044,20714615.787,6.54248
122120,2016,A,CARA,US1407551092,253587857.27,4.99927
122121,2016,A,DRNA,US2530311081,59768642.88,1.45041
122141,2016,A,CBPX,US2111711030,916878616.5,2.96713
122152,2016,A,FLXN,US33938J1060,602315260.38,3.22039
122177,2016,A,CRTO,US2267181046,2628224620.3,4.37942
122191,2016,A,CNCE,US2060221056,229641744.78,2.68292
122198,2016,A,WUBA,US31680Q1040,4055393958,1.59136
122209,2016,A,EGRX,US2697961082,1215808064.2,8.03967
122296,2016,A,ATHM,US05278C1071,2914713822.7,3.18258
122350,2016,A,AKAOQ,US0044491043,464007437.04,4.34729
122351,2016,A,CSLT,US14862Q1004,516339068.85,5.06404
122358,2016,A,ENLK,US29336U1079,6315412898.6,1.97777
122387,2016,A,CSLT,US14862Q1004,247576814.1,5.06404
122400,2016,A,ESXB,US2036121067,159207448,1.39002
122421,2016,A,AGTC,US03820J1007,168748800,1.43297
122440,2016,A,AMBR,US02318Y1082,244490513.44,7.5063
122445,2016,A,AKBA,US00972D1054,401989530.69,5.90119
122480,2016,A,ENLC,US29336T1007,3429939469.8,1.82356
122488,2016,A,ATEN,US0021211018,564024630,6.55342
122489,2016,A,HIVE,US0077861062,295719562.5,10.30816
122501,2016,A,ALDX,US01438T1060,67283338.75,3.10781
122502,2016,A,BRG,US09627J1025,268466182.32,1.66543
122503,2016,A,BRG,US09627J1025,,
122507,2016,A,CORI,US21887L1070,90910021.86,-14.63485
122508,2016,A,ESCRQ,US2960641080,,
122509,2016,A,EVDY,US3004151060,,
122534,2016,A,WATT,US29272C1036,343199603.65,12.02052
122558,2016,A,ADMS,US00548A1060,372030583.6,2.81451
122564,2016,A,FIVN,US3383071012,757220970,24.96789
122570,2016,A,CIO,US1785871013,321113916.42,2.25815
122587,2016,A,FPI,US31154R1095,193642137.36,1.19605
122599,2016,A,ENBL,US2924801002,6801508605.3,0.91665
122690,2016,A,ENDV,US29259G2003,,
122717,2016,A,ALDR,US0143391052,1047658684.8,2.73695
122720,2016,A,ARCB,US03937C1053,708089541.25,1.18232
122748,2016,A,CBAY,US23257D1037,40563315.19,10.30314
122762,2016,A,CXP,US1982872038,2639178568.8,1.0545
122786,2016,A,AMTX,US00770K2024,27602620,-0.51309
122900,2016,A,ANET,US0404131064,6852380470,6.18547
122939,2016,A,CTRE,US14174T1079,992986482,2.19479
122981,2016,A,ARDX,US0396971071,671793792.4,3.47807
123004,2016,A,ENLK,US29336U1079,6315412898.6,1.97777
123017,2016,A,ASPN,US04523Y1055,96517430.94,0.83519
123050,2016,A,CRTN,US1465341022,8171800.195,1.40121
123104,2016,A,AMPH,US03209R1032,851899617.24,2.58735
123107,2016,A,GEO,US36162J1060,2695888462.1,2.76486
123119,2016,A,FNF,US31620R3030,11499605939,1.91788
123130,2016,A,CNOB,US20786W1071,829227293.55,1.56154
123147,2016,A,FELPQ,US34552U1043,847958200,-5.4851
123148,2016,A,FELPQ,US34552U1043,427699350,-5.4851
123151,2016,A,GPRO,US38268T1034,1231236890,2.75479
123152,2016,A,GPRO,US38268T1034,911475370,2.75479
123262,2016,A,ADTM,US00652J2087,,
123289,2016,A,EPRSQ,US29428P1075,,
123306,2016,A,ATRA,US0465131078,410848600,1.6192
123319,2016,A,CDNA,US14167L1035,57451607.1,2.94895
123354,2016,A,LOCO,US2686031079,473227395.6,1.78454
123378,2016,A,WMS,US00790R1041,1121402200,32.31018
123394,2016,A,AMRK,US00181T1079,136918275,2.02779
123408,2016,A,CTLT,US1488061029,3362241990.4,5.72078
123422,2016,A,EQC,US2946281027,3749592621.6,1.19506
123492,2016,A,CCS,US1565043007,454031424,0.95861
123649,2016,A,BNK,US12591N1090,,
123664,2016,A,ACTA,US0050941071,489118000,1.38427
123692,2016,A,ADPTQ,US0068551003,,
123693,2016,A,ADPTQ,US0068551003,,
123707,2016,A,BODY,US09689U2015,,
123715,2016,A,BABA,US01609W1027,217235605299,6.45139
123740,2016,A,CIVI,US17887R1023,740573684.2,4.80011
123741,2016,A,GNBC,US39260X1000,562212644.8,1.30602
123773,2016,A,BCLI,US10501E2019,47467486.98,4.79372
123857,2016,A,LEU,US15643U1043,57420000,-0.2432
123858,2016,A,DERM,US24983L1044,1081326646.2,4.37129
123878,2016,A,AST,US04624N1072,218808200,5.20627
123879,2016,A,AST,US04624N1072,218808200,5.20627
123881,2016,A,CAPL,US22758A1051,844493540.88,3.82048
123882,2016,A,CAPL,US22758A1051,844493540.88,3.82048
123901,2016,A,AACH,US0003071083,165171977.16,1.0004
123903,2016,A,CDK,US12508E1010,8959469000,78.77164
123905,2016,A,GWGHQ,US36192A1097,47483306.619,-4.11801
123915,2016,A,PLAY,US2383371091,2376118248.1,5.407
123924,2016,A,DPLO,US25456K1016,841238987.4,1.37143
123945,2016,A,CFG,US1746101054,18240952054,0.93543
123955,2016,A,GMRE,US37954A2042,157042621,1.01299
123963,2016,A,DM,US2574541080,2932091096.6,1.45002
123964,2016,A,DM,US2574541080,1987295181.6,
124022,2016,A,ABCW,US03283P1066,,
124023,2016,A,FSAM,US31679P1093,331376827.6,64.6843
124032,2016,A,FCB,US30255G1031,1963216136.7,1.9983
124033,2016,A,FCB,US30255G1031,1954225926.9,1.9983
124035,2016,A,FSAM,US31679P1093,44235905.8,64.6843
124052,2016,A,ENFC,US29363J1088,133231530,1.00123
124053,2016,A,GRBK,US3927091013,492006885.45,1.27936
124070,2016,A,AGNUQ,US00108M1027,4238294,1.18388
124071,2016,A,BOOT,US0994061002,329902000,1.88306
124093,2016,A,TECH,US09073M1045,3830805271.9,4.30802
124107,2016,A,AM,US03673L1035,5524123200,4.5456
124108,2016,A,AM,US03673L1035,3179065120,4.5456
124110,2016,A,FFWM,US32026V1044,466254756,1.64022
124111,2016,A,GWB,US3914161043,2558441121.4,1.52574
124137,2016,A,RILY,US05580M1080,353139309.9,2.36456
124160,2016,A,DVAX,US2681582019,152466050,1.70924
124161,2016,A,FRPT,US3580391056,344710747.5,3.19821
124174,2016,A,CHRS,US19249H1032,1289499788.5,62.8194
124192,2016,A,FGEN,US31572Q8087,1362431000,8.74262
124220,2016,A,EHIC,US26853A1007,629037100.11,1.09458
124235,2016,A,DCT,US2331532042,4381791490.4,2.35321
124311,2016,A,CCLP,US12637A1034,323642918.48,2.30864
124312,2016,A,EDR,US28140H2031,3091091746.5,1.71726
124345,2016,A,ELV,US0367521038,37918962979,1.5221
124366,2016,A,CTSO,US23283X2062,138887614.7,-293.01075
124368,2016,A,FRPH,US30292L1070,371996418.3,1.89698
124433,2016,A,ATRM,US04964A1034,4022572.3,-0.38418
124445,2016,A,CCI,US22822V1017,31283765901,4.13964
124641,2016,A,CNXR,US20786J1060,37755419.52,-0.65794
124662,2016,A,AMCO,US0421822042,,
124664,2016,A,FDNHQ,US3504052057,,
124707,2016,A,ICBK,US2219071089,177633454.95,1.4408
124750,2016,A,APPS,US25400W1027,45060270.72,0.67102
124787,2016,A,AINC,US0441041078,86950493.871,2.32631
124805,2016,A,BOX,US10316T1043,1810268460,24.22357
124806,2016,A,BOX,US10316T1043,940137660,24.22357
124816,2016,A,EQIX,US29444U7000,25522296051,5.84592
124851,2016,A,ENTL,US29363K1051,358684760,10.11949
124892,2016,A,GENN,US37185X1063,656760094.75,-1.33944
124893,2016,A,GENN,US37185X1063,319546399,-1.33944
124929,2016,A,AAAP,US00790T1007,,
124937,2016,A,DEA,US27616P1030,738233696.2,1.31991
124953,2016,A,AVNU,US05358K1025,,
124962,2016,A,DWSN,US2393601008,174506936.93,1.0212
124975,2016,A,CRBP,US21833P1030,377560745.25,42.33043
125000,2016,A,ES,US30040W1080,17501603176,1.63387
125055,2016,A,EGT,US29383V3050,20105265.8,0.63308
125061,2016,A,BLBD,US0953061068,347903996.1,-2.46279
125062,2016,A,EGL,US29286C1071,1239351200,1.79194
125101,2016,A,ASND,US04351P1012,656203489.04,3.52229
125133,2016,A,AJX,US38983D3008,240484156.38,0.88318
125145,2016,A,CARO,US1438731077,386363019.12,2.36757
125201,2016,A,ENBL,US2924801002,3531942691.4,0.91665
125225,2016,A,KODK,US2774614067,657200000,-9.00273
125251,2016,A,ECIGQ,US2855602072,,
125269,2016,A,AMSC,US0301112076,103589919.4,1.64283
125311,2016,A,GDDY,US3802371076,5840564400,10.38321
125312,2016,A,GDDY,US3802371076,3095102100,10.38321
125327,2016,A,CGNT,US19243A1043,121477461.48,1.92089
125340,2016,A,CIM,US16934Q2084,3195328570.7,1.023
125349,2016,A,CERE,US1567734009,,
125384,2016,A,CDTX,US1717571079,174421665.6,1.97804
125402,2016,A,DHX,US23331S1006,309943750,2.98358
125411,2016,A,ERINQ,US2956251076,648497764.9,-2.87793
125412,2016,A,ETSY,US29786A1060,1366162399.4,3.96269
125417,2016,A,APIC,US03765N1081,,
125438,2016,A,BPMC,US09627Y1091,929110079.7,4.36042
125455,2016,A,ENVA,US29357K1034,417828405,1.72871
125473,2016,A,FSB,US35352P1049,545596524.9,2.0188
125477,2016,A,CIVB,US1788671071,162114379.87,1.36614
125494,2016,A,BSM,US09225M1018,3584820300,5.34549
125505,2016,A,COLL,US19459J1043,457199037,3.38897
125581,2016,A,BOJA,US0974881007,681601550,3.23356
125597,2016,A,ADAP,US00653A1079,,
125598,2016,A,CEB,US1251341061,1953854595,-11.16935
125602,2016,A,FENX,US31446L1008,56508538.98,0.90808
125625,2016,A,CYRX,US2290503075,57037876.92,10.04122
125637,2016,A,AZURQ,US05501X1000,,
125638,2016,A,AZURQ,US05501X1000,,
125659,2016,A,EOXLQ,US29101U4076,,
125705,2016,A,BKFS,US09214X1000,5818073562,6.64391
125706,2016,A,BKFS,US09214X1000,2611640102.4,6.64391
125708,2016,A,CAL,US1295001044,1410052847.6,2.29981
125714,2016,A,ESND,US2966891028,783417815.4,1.00296
125717,2016,A,CHCT,US20369C1062,299124740.46,1.54182
125879,2016,A,ATNY,US00187E2037,,
125888,2016,A,GKOS,US3773221029,1164244900,9.92755
125906,2016,A,EVH,US30050B1017,1005421424,1.43115
125907,2016,A,EVH,US30050B1017,778286105.2,1.43115
125909,2016,A,FOGO,US3441771009,404836259.1,1.39289
125928,2016,A,CAFD,US2825391053,1026363386.4,3.77925
125929,2016,A,CAFD,US2825391053,364383386.4,3.77925
125935,2016,A,FIT,US33812L1026,1651855187.6,1.65428
125936,2016,A,FIT,US33812L1026,1297195726.9,1.65428
125942,2016,A,APPF,US03783C1009,804198150,11.54097
125976,2016,A,ALRM,US0116421050,1283987004.9,6.71369
125978,2016,A,AQMS,US03837J1016,234390084.75,4.11283
126007,2016,A,BXLT,US07177M1036,,
126016,2016,A,BWXT,US05605H1005,3941844760,26.27573
126018,2016,A,TACO,US2454961044,552847462.36,1.46515
126019,2016,A,DDXSQ,US25245P2056,,
126020,2016,A,EPC,US28035Q1022,4227175559.5,2.35248
126021,2016,A,GPP,US3932211069,629645940,-9.9271
126066,2016,A,CPGX,US1982801094,,
126068,2016,A,GPP,US3932211069,315031028.4,-9.9271
126128,2016,A,BGMD,US08861T2069,,
126129,2016,A,ENR,US29272W1099,2751230121.1,159.03176
126140,2016,A,GCI,US36473H1041,1096013589.5,1.27925
126151,2016,A,CC,US1638511089,4033645774,40.33672
126169,2016,A,BZUN,US06684L1035,587854238.36,2.83347
126170,2016,A,CABO,US12685J1051,3548973485.8,7.80833
126171,2016,A,CVRS,US2187301096,83127214.346,20.42703
126196,2016,A,CHMA,US16706W1027,47501188.8,0.55411
126199,2016,A,EFCT,US28201T2033,,
126203,2016,A,FMSA,US30555Q1085,2636255790,10.501
126233,2016,A,BUFF,US09531U1025,4724437200.4,32.28449
126240,2016,A,BNED,US06777U1016,536279850,0.74456
126275,2016,A,APLE,US03784Y2000,4454314187,1.26649
126299,2016,A,AIMT,US00900T1079,1026671800,3.59011
126301,2016,A,ARR,US0423155078,796521870,0.88868
126310,2016,A,BETR,US03211L1026,650504014.05,12.57404
126314,2016,A,GDEN,US3810131017,269229520,1.28556
126373,2016,A,CSBR,US15870P3073,22023260.38,8.65756
126392,2016,A,AGFS,US00856G1094,132598595.9,0.39565
126434,2016,A,CNFR,US20731J1025,62209520.5,0.91763
126441,2016,A,CCP,US1416241065,2098975000,1.80343
126442,2016,A,ESNC,US29359T1025,34401132.248,-27.47521
126505,2016,A,EVRI,US30034T1034,143404450,-1.33037
126530,2016,A,ACUR,US00509L8028,9070761,7.6673
126545,2016,A,EMGCQ,US29102N1054,34380751.24,0.19888
126666,2016,A,ABTX,US01748H1077,468444027.15,1.67406
126841,2016,A,IOTS,US00687D1019,28664469.8,1.75158
126843,2016,A,CSWI,US1264021064,577034150,2.14823
126917,2016,A,CAA,US1281951046,3891740391,0.92493
126941,2016,A,GOOGL,US02079K3059,547815137850,3.9401
126942,2016,A,GOOGL,US02079K3059,235351310400,3.9401
126972,2016,A,AVXL,US0327973006,143226464.04,8.39695
126973,2016,A,BOXL,US1031971096,,
126985,2016,A,CTMX,US23284F1057,401026957.31,5.10999
127004,2016,A,ACRS,US00461U1051,707246172.34,4.17279
127006,2016,A,FDC,US32008D1063,12940703588,10.60713
127029,2016,A,ACI,US0130911037,160801066.1,0.1331
127031,2016,A,COYNQ,US2177122072,,
127032,2016,A,DMTX,US25433V1052,108939251.1,1.81744
127093,2016,A,DTRM,US2506601077,22017450,3.92449
127229,2016,A,CPAH,US22228P3029,11001521.433,1.39911
127249,2016,A,AXSM,US05464T1043,129319314.75,5.99494
127251,2016,A,EXTN,US30227H1068,846984523.7,1.52124
127252,2016,A,FCPT,US35086T1097,1229631389.6,2.64425
127271,2016,A,APLP,US03957U1007,1050938554.4,2.06007
127272,2016,A,AROC,US03957W1062,931077906,1.29502
127300,2016,A,SIRE,US1724641097,582900000,3.9016
127301,2016,A,SIRE,US1724641097,571300000,3.9016
127343,2016,A,EQBK,US29460X1090,392925561.12,1.52318
127437,2016,A,CEQP,US2263442087,1775718382.6,0.99648
127472,2016,A,ATV,US0048542049,201085000,2.02767
127527,2016,A,BMCH,US05591B1098,1300650000,1.91103
127528,2016,A,CORR,US21870U5020,414591214.08,1.18381
127529,2016,A,DLTH,US26443V1017,822350400,7.39664
127530,2016,A,DLTH,US26443V1017,736904800,7.39664
127573,2016,A,CSRA,US12650T1043,5187558140.6,17.07083
127610,2016,A,AKTX,US00972G1085,82909614.163,2.43093
127643,2016,A,ELON,US27874N3035,20829159.2,0.85282
127793,2016,A,APPF,US03783C1009,278830350,11.54097
127811,2016,A,RENO,US09074B1070,18516852,-1.61605
127834,2016,A,FDC,US32008D1063,5220402038.9,10.60713
127928,2016,A,FCE.A,US3456051099,5391849110.6,1.64194
127930,2016,A,FCE.A,US3456051099,5000303668.6,1.64194
127967,2016,A,AGR,US05351W1036,11704660484,0.77471
128035,2016,A,ACBI,US0482692037,476769565,1.57009
128055,2016,A,ERHE,US26884J2033,9495.995,-0.02509
128136,2016,A,ELVT,US28621V1017,,
128152,2016,A,EDIT,US28106W1036,581328266.13,4.31871
128163,2016,A,CBMX,US20009T5011,7085453.4,1.09108
128169,2016,A,AVXS,US05366U1007,1322123577.4,5.37161
128183,2016,A,BOLD,US05070R1041,397030101.93,3.32602
128245,2016,A,BGRP,US09628D1046,145559563.6,0.69734
128257,2016,A,GCP,US36164Y1010,1901437187,-13.3247
128327,2016,A,CRVS,US2210151005,299190720.4,2.25293
128383,2016,A,CNTFY,US1694242074,19585412.094,0.07561
128435,2016,A,XRAY,US24906P1093,13283673000,1.63707
128464,2016,A,CLSD,US1850631045,219682915.02,3.06568
128565,2016,A,EIGR,US28249U1051,97355077.35,2.39078
128674,2016,A,AGLE,US00773J1034,58424123.55,0.92787
128678,2016,A,GIG,US37518Q1094,169032966.48,1.53232
128697,2016,A,AFIIQ,US04238R1068,555402809.61,0.89078
128698,2016,A,ARWR,US04280A1007,108107361.75,1.17978
128736,2016,A,CDXC,US1710774076,124272397.61,12.45907
128775,2016,A,BATS,US05491G1094,3230102957.1,7.06342
128776,2016,A,BATS,US05491G1094,,
128784,2016,A,ARA,US0292271055,657444791.36,-19.6252
128795,2016,A,ACIA,US00401C1080,2346376500,5.39651
128902,2016,A,GWRS,US3794631024,178189520.6,11.72998
128931,2016,A,CIDM,US1724062096,11088888.48,-0.19668
128949,2016,A,ADVM,US00773U1088,121234526.1,0.56231
128985,2016,A,CHTR,US16119P1084,77421052561,1.92882
129008,2016,A,GMS,US36251C1036,963104258.4,2.44528
129046,2016,A,COTV,US22164K1016,3121502096,3.32309
129111,2016,A,CVSI,US1266541028,24775544.35,1.87576
129127,2016,A,ATKR,US0476491081,1493379555,5.37859
129156,2016,A,AVNW,US05366Y2019,72760197.03,1.35981
129157,2016,A,BXC,US09624H2085,67463534.61,-2.26077
129166,2016,A,FTV,US34959J1088,18550617000,6.90153
129206,2016,A,CRDSQ,US22765D4079,5220510.72,1.6873
129226,2016,A,ATNI,US00215F1075,1293216707.8,1.91006
129239,2016,A,DXTRQ,US2523661096,8570716.8,-0.51028
129327,2016,A,ACLS,US0545402085,429486900,2.13192
129395,2016,A,EMMS,US2915254005,39136757.588,-1.40298
129435,2016,A,APFH,US00782L1070,2325178772.3,-7.74285
129436,2016,A,CVOVQ,US15670S4021,59785470,-0.10148
129443,2016,A,GAIA,US36269P1049,131069393.15,1.34379
129444,2016,A,GAIA,US36269P1049,84359393.15,1.34379
129474,2016,A,ATOM,US04965B1008,81168750,3.14024
129503,2016,A,CAPC,US14070F2011,21650072.267,4.20374
129565,2016,A,CRK,US2057683029,137285625.95,-0.50609
129574,2016,A,CCN,US14141X1081,368952119.6,-9.12435
129603,2016,A,HOME,US04650Y1001,883165815.84,1.65118
129609,2016,A,FHB,US32051X1081,4858457372.3,1.96184
129658,2016,A,CHUBA,US20084V1089,644248697.99,21.06903
129661,2016,A,CHUBA,US20084V1089,203182895.02,21.06903
129669,2016,A,AIRG,US00938A1043,133560892.8,2.96589
129726,2016,A,ATEC,US02081G2012,29047290,-0.79573
129757,2016,A,BINDQ,US2332421062,,
129809,2016,A,DELL,US24703L2025,1209340000,3.22938
129814,2016,A,EVBG,US29978A1043,500929935.3,11.82776
129820,2016,A,FNCX,US36077T2078,7287547.1053,-0.19988
129843,2016,A,ASH,US0441861046,6775980000,2.14163
129864,2016,A,CSTR,US14070T1025,246051149.4,1.77873
129872,2016,A,FBK,US30257X1046,625593777,1.89288
129877,2016,A,APTI,US03835C1080,710398340.73,9.92618
129878,2016,A,APTI,US03835C1080,127857000,9.92618
129881,2016,A,ELF,US26856L1035,1310291404.8,9.30194
129883,2016,A,FLGT,US3596641098,204511320,3.75395
129928,2016,A,AGNC,US00123Q1040,6001030000,0.85631
129932,2016,A,RRD,US2578672006,1140069000,-10.7859
129964,2016,A,CBB,US1718715022,939956896.95,-3.39396
129973,2016,A,ADSW,US00790X1019,1956133544.9,2.35821
129975,2016,A,MRAM,US30041T1043,103609481.12,3.85581
129988,2016,A,ASIX,US00773T1016,674892867.24,3.13376
129989,2016,A,CWH,US13462K1097,2637790473.1,35.18071
129990,2016,A,CWH,US13462K1097,617121502.44,35.18071
129992,2016,A,COUP,US22266L1061,1256791040.4,7.22743
130116,2016,A,FPAY,US33939J3032,31724346,-3.67112
130162,2016,A,PRSNQ,US0556651034,,
130176,2016,A,BL,US09239B1098,1416810145.3,4.86191
130192,2016,A,ALBO,US01345P1066,111568578.12,3.01929
130197,2016,A,GOLF,US0050981085,1460384816.6,1.98458
130199,2016,A,AA,US0138721065,5136702339.6,0.90851
130202,2016,A,FRTA,US34960W1062,1384596525.8,10.41702
130245,2016,A,CXW,US21871N1019,2875370840,1.97083
130251,2016,A,DFIN,US25787G1004,749148000,6.743
130279,2016,A,BOOM,US23291C1036,229767290.15,2.04403
130290,2016,A,GDS,US36165L1089,744350110.03,1.89993
130325,2016,A,CNDT,US2067871036,3022837500,0.91935
130441,2016,A,CDIIQ,US12508A3077,34817.09,-0.00476
130442,2016,A,GNVC,US37246C4069,7299540,1.55144
130466,2016,A,COWN,US2236226062,414334979.5,0.53625
130479,2016,A,FANH,US30712A1034,482340191.36,0.93701
130505,2016,A,BEBE,US0755712082,40746037.895,0.35457
130528,2016,A,EVHC,US29414D1000,7435182620,1.10462
130590,2016,A,GNMX,US00835P1057,192197906.74,5.4948
130715,2016,A,BIVV,US09075E1001,,
130735,2016,A,DSHK,US2620771004,251259383.04,1.60566
130757,2016,A,APEN,US03767D1081,129978142.72,3.06429
130777,2016,A,AVDL,US05337M1045,429844690,10.21763
130778,2016,A,CTIC,US12648L6011,115059781.75,8.6387
130780,2016,A,GPT,US3850023082,3873445082.6,1.45333
130843,2016,A,ASPU,US04530L2034,38530548.856,26.96788
130883,2016,A,CBAT,US14986C1027,27579819.93,2.17548
130934,2016,A,BASXQ,US06985P2092,919059135.4,2.21776
131194,2016,A,FBM,US3503921062,,
131251,2016,A,CBIO,US14888D2080,7818324.0249,0.48649
131375,2016,A,GLBR,US37891B1098,43310300.25,-0.59135
131376,2016,A,GLBR,US37891B1098,43310243.85,-0.59135
131400,2016,A,GNL,US3793782018,1556413519.7,1.15479
131431,2016,A,DSKE,US23753F1075,251497335.79,1.3606
131647,2016,A,AYX,US02156B1035,,
131648,2016,A,AYX,US02156B1035,,
131722,2016,A,DXC,US23355L1061,8222590760.6,4.39523
131736,2016,A,AXON,US05464C1018,1268364084.2,8.40598
131764,2016,A,AZUL,US05501U1060,,
131807,2016,A,AKCA,US00972L1070,,
131921,2016,A,CADE,US12739A1007,,
131930,2016,A,CVNA,US1468691027,,
131931,2016,A,CVNA,US1468691027,,
131947,2016,A,CLDR,US18914U1007,,
131956,2016,A,ANTH,US03674U3005,29835418.043,7.7374
131960,2016,A,ETP,US29278N1037,7969799081.3,0.99622
131961,2016,A,ETP,US29278N1037,7743622053.3,0.99622
131970,2016,A,FND,US3397501012,,
131979,2016,A,BRMR,US0958771067,,
131981,2016,A,GDP,US3824108431,112950353.28,1.85469
132032,2016,A,ESTE,US27032D3044,306042286.8,1.26748
132033,2016,A,EEX,US29103B1008,,
132038,2016,A,ASV,US00215L1044,,
132056,2016,A,EGC,US29276K1016,14184487.83,
132097,2016,A,FPH,US33833Q1067,,
132098,2016,A,FPH,US33833Q1067,,
132110,2016,A,CARS,US14575E1055,,
132111,2016,A,CLPR,US18885T3068,,
132113,2016,A,GTHX,US3621LQ1099,,
132160,2016,A,ATGE,US00737L1035,1951528800,1.22038
132223,2016,A,APPN,US03782L1017,,
132224,2016,A,APPN,US03782L1017,,
132227,2016,A,FRBA,US31931U1025,132359178.4,1.49043
132260,2016,A,AMRS,US03236M2008,200099439.85,-1.08487
132334,2016,A,ATNX,US04685N1037,,
132344,2016,A,CJ,US12674R1005,27133296.834,-0.09088
132346,2016,A,EAST,US2778023026,15102473.609,17.0264
132359,2016,A,AABA,US0213461017,36941760360,1.18978
132360,2016,A,ARNA,US0400476075,345629136,8.66171
132361,2016,A,CIEIQ,US19075F3047,538277223.65,-0.63979
132402,2016,A,ATUS,US02156K1034,,
132455,2016,A,ATUS,US02156K1034,,
132459,2016,A,GPMT,US38741L1070,,
132490,2016,A,DOVA,US25985T1025,,
132504,2016,A,DK,US24665A1034,1491246283.3,1.50342
132552,2016,A,BKR,US05722G1004,27547280000,2.17662
132562,2016,A,BY,US1244111092,,
132667,2016,A,CLXT,US13173L1070,,
132694,2016,A,DARE,US23666P1012,20493314.417,1.56306
132781,2016,A,FLSS,US3451432005,555375,-0.01306
132827,2016,A,ANDV,US03349M1053,10222900365,1.87061
132828,2016,A,ANDX,US03350F1066,5232489761,3.25404
132919,2016,A,CLAR,US18270P1093,160585523.85,0.99862
132931,2016,A,BHF,US10922N1037,,
132963,2016,A,AROPQ,US00215Q1031,,
133070,2016,A,CLF,US1858991011,1960153105.3,-1.33863
133180,2016,A,COHN,US19249M1027,14386126.58,0.371
133193,2016,A,CSSE,US16842Q1004,,
133194,2016,A,CSSE,US16842Q1004,,
133209,2016,A,CTEK,US23258P1057,19646246.204,1.39184
133297,2016,A,CELC,US15102K1007,,
133312,2016,A,ACER,US00444P1084,6569766.35,2.42782
133400,2016,A,DCPH,US24344T1016,,
133453,2016,A,FOR,US3462321015,553497455,0.94896
133457,2016,A,AUTO,US05335B1008,148119806.25,1.23837
133523,2016,A,CARG,US1417881091,,
133524,2016,A,CARG,US1417881091,,
133590,2016,A,ANGI,US00183L1026,489032970.02,108.67556
133663,2016,A,BPMP,US0556EL1098,,
133664,2016,A,FSCT,US34553D1019,,
133665,2016,A,GMANQ,US36165B1008,,
133706,2016,A,BKI,US09215C1053,,
133765,2016,A,LADX,US2328286081,41434382.348,1.91215
133780,2016,A,AQ,US03842Q1085,,
133782,2016,A,FNKO,US3610081057,,
133783,2016,A,FNKO,US3610081057,,
133797,2016,A,ALTR,US0213691035,,
133798,2016,A,ALTR,US0213691035,,
133808,2016,A,FTNW,US30283R4020,34328743.68,-3.48046
133857,2016,A,AQUA,US30057T1051,,
133868,2016,A,ACMR,US00108J1097,,
133869,2016,A,ACMR,US00108J1097,,
133892,2016,A,BAND,US05988J1034,,
133893,2016,A,BAND,US05988J1034,,
133932,2016,A,BXG,US09629F1084,,
134056,2016,A,CNX,US12653C1080,4182746035.8,1.10119
134057,2016,A,CNNE,US13765N1072,,
134059,2016,A,CCR,US20855T1007,423938794.75,2.92079
134133,2016,A,CASA,US14713L1026,,
134144,2016,A,CURO,US23131L1070,,
134175,2016,A,CEIX,US20854L1089,,
134318,2016,A,PMTS,US12634H2004,229740891.65,-2.41139
134349,2016,A,BSTG,US09074M2026,15226981.52,8.58328
134350,2016,A,CBRI,US12601V1098,,
134410,2016,A,EHC,US29261A1007,3667465983,4.98365
134459,2016,A,CNXM,US12654A1016,1496048886.6,4.24572
134477,2016,A,EYEN,US30234E1047,,
134511,2016,A,CDMO,US05368M1062,73069360.113,1.84086
134598,2016,A,ADT,US00090Q1031,,
134599,2016,A,COLD,US03064D1081,,
134618,2016,A,CCT,US2198801019,30904.1547,0.00001
134645,2016,A,ARGSQ,US0402212023,202189577.1,32.77143
134678,2016,A,RKDA,US0390142042,40928663.76,1.8438
134740,2016,A,CDLX,US14161W1053,,
134765,2016,A,AGHC,US00774U1079,20202903,0.63816
134804,2016,A,WHD,US1272031071,,
134805,2016,A,WHD,US1272031071,,
134809,2016,A,EOLS,US30052C1071,,
134860,2016,A,DHCPQ,US25501G1058,172857861.91,0.61678
134958,2016,A,RESI,US35904G1076,592490646.24,0.68649
134969,2016,A,GLIBA,US36164V3050,634886900,
135026,2016,A,BKNG,US09857L1089,72113025487,7.34338
135060,2016,A,BKR,US05722G1004,,
135085,2016,A,DXF,US26605Q1067,18644303.971,0.33376
135101,2016,A,AMRQQ,US02133L1098,,
135110,2016,A,DBX,US26210C1045,,
135111,2016,A,DBX,US26210C1045,,
135118,2016,A,BTAI,US09075P1057,,
135125,2016,A,GSBD,US38147U1079,854520690.24,1.28473
135151,2016,A,GLIBA,US36164V3050,696212750,30.6444
135296,2016,A,GHG,US39579V1008,,
135316,2016,A,ASGN,US00191U1025,2327955694.1,2.67908
135365,2016,A,AVGO,US11135F1012,70404213861,3.72667
135378,2016,A,GARS,US3665541039,150061441.2,0.75253
135384,2016,A,BILI,US0900401060,,
135385,2016,A,CCR,US20855T1007,212036822,2.92079
135399,2016,A,CNXM,US12654A1016,809257387.05,4.24572
135465,2016,A,DOCU,US2561631068,,
135475,2016,A,ATOS,US04962H5063,5339547.1164,1.72405
135476,2016,A,EAF,US3843135084,,
135538,2016,A,AVYA,US05351X1019,,
135539,2016,A,BHR,US10482B1017,355194184.8,1.15026
135578,2016,A,GSHD,US38267D1090,,
135579,2016,A,GSHD,US38267D1090,,
135608,2016,A,CDAY,US15677J1088,,
135622,2016,A,AMRX,US03168L1052,976586095.75,1.56511
135623,2016,A,BSM,US09225M1018,1797640380,5.34549
135626,2016,A,FSNNQ,US36116X1028,30963042.155,3.36927
135666,2016,A,CBLK,US14081R1032,,
135680,2016,A,EVLO,US2997341035,,
135692,2016,A,CVON,US2124811058,,
135706,2016,A,ESTE,US27032D3044,,
135728,2016,A,ROAD,US21044C1071,,
135729,2016,A,ROAD,US21044C1071,,
135848,2016,A,FCSC,US3157214079,27756935.768,3.53099
135881,2016,A,AMPY,US0321131023,,
135882,2016,A,CRIS,US2312692005,434661997,14.85196
135888,2016,A,ELLH,US28413L1052,179259980.2,5.36707
135908,2016,A,EVOP,US26927E1047,,
135909,2016,A,EVOP,US26927E1047,,
135913,2016,A,GEVO,US3743964062,24476891.16,0.35339
135927,2016,A,EVRG,US30034W1062,7989931471.6,2.09937
135941,2016,A,FNHCQ,US31431B1098,251812612.8,1.14915
135958,2016,A,CMLS,US2310828015,29892501.48,-0.06079
135959,2016,A,GSKY,US39572G1004,,
135967,2016,A,CHAPQ,US15942R2085,,
136028,2016,A,AVLR,US05338G1067,,
136072,2016,A,EPRT,US29670E1073,,
136138,2016,A,AUTL,US05280R1005,,
136168,2016,A,ECOR,US28531P1030,,
136169,2016,A,FTSV,US34983P1049,,
136183,2016,A,APTX,US03836N1037,,
136184,2016,A,AVNS,US05350V1061,1726292890,1.5658
136214,2016,A,BJ,US05550J1016,,
136215,2016,A,CVIAQ,US22305A1034,,
136249,2016,A,DOMO,US2575541055,,
136250,2016,A,DOMO,US2575541055,,
136252,2016,A,EVER,US30041R1086,,
136253,2016,A,EVER,US30041R1086,,
136270,2016,A,BV,US10948C1071,,
136350,2016,A,ALSD,US01450P1075,,
136351,2016,A,OZK,US06417N1037,6377463925.4,2.28451
136427,2016,A,MYFW,US33751L1052,,
136465,2016,A,BE,US0937121079,,
136466,2016,A,BE,US0937121079,,
136532,2016,A,AQST,US03843E1047,,
136548,2016,A,BRY,US08579X1019,,
136558,2016,A,BBDC,US06759L1035,740959695.28,1.21239
136574,2016,A,ARLO,US04206A1016,,
136575,2016,A,BNGO,US09075F1075,,
136589,2016,A,AEYE,US0507342014,15611680.14,50.81301
136590,2016,A,JG,US0518571007,,
136591,2016,A,CANG,US1375861036,,
136595,2016,A,FOCS,US34417P1003,,
136596,2016,A,FOCS,US34417P1003,,
136671,2016,A,TCPC,US09259E1082,896408110,1.13335
136672,2016,A,CNGO,US15136X1028,1149161715,1.11076
136792,2016,A,BPYU,US11282X1037,22084760046,2.6311
136807,2016,A,ALYE,US02260T3059,67068.14,-0.01147
136820,2016,A,CPLG,US21872L1044,,
136884,2016,A,AX,US05465C1009,1804913641.6,2.41663
136889,2016,A,ALT,US02155H2004,220110989.63,11.31143
136897,2016,A,CWEN.A,US18539C1053,2808545280,1.51813
136899,2016,A,CWEN.A,US18539C1053,531244800,1.51813
136919,2016,A,ABDC,US01374T1025,161016047.01,0.8726
136921,2016,A,ELAN,US28414H1032,,
136972,2016,A,CDTI,US12514V2043,33762097.15,3.92443
136974,2016,A,EB,US29975E1091,,
136975,2016,A,EB,US29975E1091,,
137029,2016,A,BSVN,US06652N1072,,
137166,2016,A,PLAN,US03272L1089,,
137219,2016,A,ARAV,US03890D1081,519173896.88,3.43671
137262,2016,A,GSKY,US39572G1004,,
137281,2016,A,GTX,US3665051054,,
137353,2016,A,CREX,US22530J2006,20661187.934,10.45602
137376,2016,A,AXNX,US05465P1012,,
137386,2016,A,RTL,US02607T1097,,
137387,2016,A,AFIN,US02607T1097,,
137389,2016,A,CTRCQ,US15644G1040,31045748.125,0.69736
137451,2016,A,CNF,US18979T1051,,
137452,2016,A,FTDR,US35905A1097,,
137524,2016,A,ETRN,US2946001011,,
137606,2016,A,ARES,US03990B1017,1551642854.4,5.29841
137613,2016,A,ACA,US0396531008,,
137622,2016,A,BCSF,US05684B1070,,
137656,2016,A,MFIC,US03761U5020,1325277053.3,0.85446
137704,2016,A,DAVA,US29260V1052,,
137874,2016,A,AMRX,US03168L1052,976586095.75,1.56511
137917,2016,A,CI,US1255231003,34263755910,2.56446
137943,2016,A,DELL,US24703L2025,42766660000,3.22938
137966,2016,A,APYX,US03837C1062,110786513.27,4.22492
138128,2016,A,BPTH,US09057N3008,129121052.4,15.67034
138250,2016,A,ESI,US28618M1062,2788209658.1,1.01905
138291,2016,A,GOSS,US38341P1021,,
138324,2016,A,CLDX,US15117B2025,426628976.49,1.60731
138353,2016,A,AVDR,US05355N1090,,
138440,2016,A,CVET,US22304C1009,,
138455,2016,A,ESESQ,US27888D4088,13885523.52,0.92245
138480,2016,A,EFC,US28852N1090,501213790.56,0.78602
138500,2016,A,ELGXQ,US29266S3040,473467308.6,4.19767
138525,2016,A,CHAPQ,US15942R2085,,
138551,2016,A,AM,US03676B1026,,
138552,2016,A,FUTU,US36118L1061,,
138593,2016,A,ATIS,US0498362088,17592292.568,-1.70476
138639,2016,A,FOXA,US35137L1052,,
138641,2016,A,FOXA,US35137L1052,,
138659,2016,A,CRMD,US21900C3088,61861478.67,3.47262
138673,2016,A,SAVA,US14817C1071,26310130.811,1.4117
138704,2016,A,BKTI,US05587G1040,65190553.25,1.82229
138730,2016,A,DBI,US2505651081,1816077000,1.93717
138731,2016,A,DBI,US2505651081,1640924550,1.93717
138740,2016,A,DOW,US2605571031,,
138935,2016,A,MNRL,US10918L1035,,
138936,2016,A,MNRL,US10918L1035,,
138953,2016,A,YCBD,US12482W1018,,
138963,2016,A,BLIN,US10807Q7007,11972864.262,1.10572
138964,2016,A,CCO,US18453H1068,1829682023.6,-1.68996
138965,2016,A,CCO,US18453H1068,238932023.6,-1.68996
138984,2016,A,ADYX,US00784D1037,17504729.796,0.54549
139010,2016,A,BYND,US08862E1091,,
139020,2016,A,FCEL,US35952H6018,61517567.289,0.55807
139124,2016,A,AUB,US04911A1079,1558596989.6,1.55699
139132,2016,A,AVTR,US05352A1007,,
139140,2016,A,CTVA,US22052L1044,,
139141,2016,A,GNCAQ,US3724274010,117193400,2.57336
139158,2016,A,CNR,US21925D1090,1108117061.3,3.93903
139217,2016,A,DD,US26614N1028,,
139239,2016,A,CAPR,US14070B3096,56921390.54,-14.21928
139289,2016,A,CRWD,US22788C1053,,
139290,2016,A,CRWD,US22788C1053,,
139311,2016,A,BPYU,US11282X1037,,
139321,2016,A,AMTB,US0235761014,,
139323,2016,A,AMTB,US0235761014,,
139324,2016,A,GTAT,US36191U2050,,
139353,2016,A,CHWY,US16679L1098,,
139354,2016,A,CHWY,US16679L1098,,
139532,2016,A,XAIR,US08862L1035,3096000,-26.64109
139658,2016,A,BSIG,US10948W1036,1655287592.5,10.09321
139720,2016,A,DOYU,US25985W1053,,
139887,2016,A,ATEX,US03676C1009,322482814.5,1.34376
139917,2016,A,GL,US37959E1029,8705974526.1,2.24697
139957,2016,A,CFB,US22766M1099,,
140083,2016,A,NET,US18915M1071,,
140127,2016,A,NVST,US29415F1049,,
140415,2016,A,CIH,US16954W1018,,
140483,2016,A,CRNC,US1567271093,,
140751,2016,A,FINV,US31810T1016,,
141129,2016,A,DHC,US25525P1075,4496716987.5,1.40549
141461,2016,A,EPAC,US2927651040,1529855236.1,3.00421
141524,2016,A,WTRG,US29670G1022,5328927055,2.8804
153093,2016,A,ANGI,US00183L1026,,
153463,2016,A,ECC,US2698081013,,
153855,2016,A,ADT,US00090Q1031,,
153858,2016,A,ARES,US03990B1017,,
153879,2016,A,GEL,US3719271047,4248170740.4,1.99481
154763,2016,A,CORR,US21870U5020,,
